Customer_ID,Customer_Name,Age,Gender,City,Region,Email,Phone,Join_Date,Segment
CUST0001,Aditya Bhakta,40,Female,Delhi,North,alexander80@example.com,01828609487,2021-09-27,Regular
CUST0002,Nitara Dhawan,39,Male,Chandigarh,North,suleekansh@example.com,03400231805,2022-03-15,Premium
CUST0003,Avi Johal,33,Female,Patna,East,ghosemohammed@example.net,05471899671,2022-01-17,Regular
CUST0004,Lucky Aggarwal,62,Female,Coimbatore,South,guhaamaira@example.com,1476165635,2021-10-06,Premium
CUST0005,Mason Dutt,34,Male,Coimbatore,South,miteshdara@example.com,+915171165048,2021-03-27,Regular
CUST0006,Yashica Nagi,44,Female,Hyderabad,South,anitadube@example.org,+917524653545,2022-04-16,Regular
CUST0007,Advika Gopal,57,Female,Lucknow,North,aishani21@example.net,+918950775358,2022-06-01,Premium
CUST0008,Sanya Memon,41,Female,Lucknow,North,ganga35@example.net,7030304786,2021-10-17,Occasional
CUST0009,Gayathri Sankar,37,Male,Surat,West,ridhi99@example.net,+915324149336,2021-10-15,Occasional
CUST0010,Jack Goyal,60,Female,Delhi,North,jkala@example.com,1172095314,2021-01-12,Premium
CUST0011,Xiti Dash,37,Other,Jaipur,North,charvi89@example.org,3958350979,2022-07-29,Regular
CUST0012,Bina Sha,44,Male,Chandigarh,North,jack02@example.net,09162411682,2022-02-26,Occasional
CUST0013,Charan Aggarwal,36,Female,Kochi,South,hiralpalla@example.org,8778102812,2021-07-15,Regular
CUST0014,Dipta Wable,64,Male,Hyderabad,South,wriddhishtandon@example.org,04023074334,2022-08-05,Premium
CUST0015,Akshay Choudhary,44,Male,Chandigarh,North,ctara@example.org,06665907041,2021-07-17,Regular
CUST0016,Hema Raja,25,Male,Hyderabad,South,kapooreiravati@example.org,4951281758,2022-06-30,Regular
CUST0017,Aashi Chadha,62,Male,Surat,West,datematthew@example.com,9238311240,2022-04-16,Premium
CUST0018,Shivani Parikh,32,Male,Coimbatore,South,hbath@example.net,+913533587454,2021-03-25,Occasional
CUST0019,Saksham Pillay,35,Other,Surat,West,harshsoman@example.org,1128459434,2021-10-23,Regular
CUST0020,Neelima Menon,36,Male,Guwahati,East,godaunnati@example.com,05617888833,2022-12-25,Regular
CUST0021,Aarush Sodhi,56,Male,Amritsar,North,xalak94@example.com,1948381553,2021-01-29,Premium
CUST0022,Jagdish Wali,56,Male,Coimbatore,South,harinakshi87@example.com,+915952289379,2022-07-10,Premium
CUST0023,Udyati D’Alia,43,Female,Mumbai,West,ladyash@example.net,3147314284,2022-11-24,Regular
CUST0024,Udyati Lanka,59,Male,Patna,East,eta33@example.org,8569678119,2022-02-10,Premium
CUST0025,Andrew Bhardwaj,28,Other,Bhubaneswar,East,oagarwal@example.com,+910834383473,2021-12-26,Occasional
CUST0026,Mason Oommen,46,Other,Chennai,South,girindra31@example.org,00293669538,2021-02-11,Premium
CUST0027,Januja Dalal,35,Other,Kochi,South,eshana42@example.net,02892419127,2022-12-28,Regular
CUST0028,Kashish Hans,45,Female,Bhubaneswar,East,shuklahredhaan@example.net,+916938676674,2021-07-10,Regular
CUST0029,Odika Bala,43,Male,Lucknow,North,vohraavni@example.org,+915626752288,2022-07-14,Occasional
CUST0030,Kashvi Sahota,58,Male,Delhi,North,ekapadbakshi@example.net,+915093425202,2021-10-06,Premium
CUST0031,Unni Gupta,65,Male,Ahmedabad,West,garashravya@example.com,1768328507,2022-11-15,Premium
CUST0032,Bimala Kumer,55,Female,Jaipur,North,indali53@example.com,02990842706,2022-10-24,Premium
CUST0033,Vasana Ahuja,53,Male,Ranchi,East,sampathaarush@example.com,04794590194,2021-02-02,Premium
CUST0034,Bachittar Sarma,27,Male,Bhubaneswar,East,vyanjanaraman@example.net,+910928140898,2021-04-01,Occasional
CUST0035,Sathvik Joshi,44,Male,Patna,East,charita59@example.net,+913041337449,2021-08-04,Regular
CUST0036,Amaira Venkataraman,49,Other,Amritsar,North,crattan@example.com,3524269712,2022-04-01,Premium
CUST0037,Janani Sawhney,62,Other,Ahmedabad,West,devikamutti@example.org,04474189005,2021-10-24,Premium
CUST0038,Netra Narasimhan,59,Female,Amritsar,North,rnarasimhan@example.com,04523116832,2021-03-17,Premium
CUST0039,Jonathan Dutta,64,Male,Nagpur,West,aarush28@example.net,+913805981901,2022-05-01,Premium
CUST0040,Gaurav Majumdar,28,Male,Chandigarh,North,mvora@example.net,00595625798,2021-12-20,Regular
CUST0041,Chakrika Chana,48,Male,Patna,East,frado83@example.net,+910903328115,2022-04-16,Premium
CUST0042,Eesha Jhaveri,60,Male,Patna,East,adalia@example.net,8565143535,2022-11-19,Premium
CUST0043,Zayan Swaminathan,61,Male,Bengaluru,South,jkari@example.com,+911066054304,2021-09-02,Premium
CUST0044,Advay Nadig,51,Female,Lucknow,North,tanvi75@example.net,03111528270,2021-07-22,Premium
CUST0045,Vritti Tailor,52,Female,Delhi,North,osharma@example.com,00850403260,2022-04-29,Premium
CUST0046,Kiaan Radhakrishnan,52,Female,Hyderabad,South,kumarutkarsh@example.com,5010930423,2022-01-25,Premium
CUST0047,Chameli Dani,25,Male,Patna,East,dakshdave@example.com,4075833829,2021-11-08,Regular
CUST0048,Anika Chauhan,22,Other,Amritsar,North,zaitra13@example.com,06863719790,2022-06-07,Regular
CUST0049,Niharika Aurora,65,Other,Kochi,South,soodonveer@example.com,+913304420657,2022-02-10,Premium
CUST0050,Nathan Mann,56,Female,Lucknow,North,osarma@example.com,04075631339,2021-04-22,Premium
CUST0051,Shivansh Mistry,27,Male,Nagpur,West,kumarkamya@example.com,04076666994,2022-08-08,Premium
CUST0052,Vivaan Parmer,24,Female,Bhubaneswar,East,aayushben@example.com,03671100563,2021-09-03,Occasional
CUST0053,Anjali Ganesh,24,Other,Mumbai,West,pratyush01@example.net,02415307951,2022-11-28,Regular
CUST0054,Bhavya Chahal,58,Other,Guwahati,East,balizayan@example.org,00805856954,2022-10-05,Premium
CUST0055,Abha Pau,42,Male,Bengaluru,South,oni87@example.net,06063324371,2022-06-27,Premium
CUST0056,Siddharth Seth,45,Other,Bhubaneswar,East,mitterrayaan@example.com,+918878786848,2022-07-06,Regular
CUST0057,Anusha Ganesh,56,Other,Ranchi,East,bmann@example.com,05941372581,2022-01-20,Premium
CUST0058,Vansha Narula,39,Female,Kochi,South,pkale@example.net,03434513006,2021-07-29,Regular
CUST0059,Gopal Om,37,Female,Kolkata,East,parsazashil@example.org,04134305683,2021-05-22,Regular
CUST0060,Reva Parsa,53,Female,Lucknow,North,dadarobert@example.com,1722932078,2021-09-30,Premium
CUST0061,Aarush Garg,38,Female,Hyderabad,South,gopal39@example.org,+915910655570,2021-06-27,Regular
CUST0062,Veer Tandon,26,Male,Coimbatore,South,zlata@example.com,1366617101,2022-04-24,Regular
CUST0063,Udant Bansal,50,Female,Bengaluru,South,chandanidhi@example.com,+910370242827,2021-09-08,Premium
CUST0064,Lopa Date,50,Male,Mumbai,West,lallfaraj@example.net,03742708093,2022-06-28,Premium
CUST0065,Bhavya Kapadia,44,Female,Mumbai,West,abhimanyu68@example.org,+911094203390,2021-01-19,Regular
CUST0066,Ekaja Khalsa,50,Female,Bhubaneswar,East,ptoor@example.org,1391160465,2022-07-31,Premium
CUST0067,Neha Chadha,26,Other,Coimbatore,South,advaywason@example.org,1131603930,2022-06-23,Regular
CUST0068,Atharv Shenoy,58,Female,Ranchi,East,harita03@example.com,4151201742,2021-01-16,Premium
CUST0069,Jalsa Konda,65,Other,Jaipur,North,rachana07@example.com,+912883512082,2021-08-25,Premium
CUST0070,Kiaan Kapur,58,Other,Coimbatore,South,saumya99@example.org,5087867475,2022-09-03,Premium
CUST0071,Brijesh Samra,44,Other,Chandigarh,North,pantishwar@example.net,+919927216308,2022-08-04,Occasional
CUST0072,Ekantika Khosla,37,Female,Bhubaneswar,East,fkhalsa@example.net,08426999902,2021-12-24,Occasional
CUST0073,Ethan Kamdar,50,Female,Ahmedabad,West,petertripathi@example.com,07724914707,2021-01-04,Premium
CUST0074,Maanas Sandhu,59,Other,Kolkata,East,labanchada@example.org,6046855160,2021-01-21,Premium
CUST0075,Odika Mani,61,Female,Chandigarh,North,sairamakrishnan@example.org,09090969212,2021-07-19,Premium
CUST0076,Vaishnavi Dar,50,Female,Bengaluru,South,urmitalwar@example.org,8928407588,2022-06-16,Premium
CUST0077,Veda Dutt,37,Female,Kolkata,East,fdyal@example.com,+919168035677,2022-01-21,Occasional
CUST0078,Warinder Naidu,36,Male,Hyderabad,South,devvohra@example.com,06665349025,2021-09-08,Regular
CUST0079,Joshua Acharya,56,Female,Ahmedabad,West,om08@example.net,6655733583,2022-03-18,Premium
CUST0080,Balvan Gaba,41,Male,Mumbai,West,lalbhavna@example.org,+918937523141,2022-02-03,Regular
CUST0081,Warhi Bahri,26,Female,Mumbai,West,jagvi25@example.org,+915200819680,2022-06-08,Premium
CUST0082,Nilima Rattan,44,Female,Bengaluru,South,jyotisagar@example.net,08959410804,2022-04-10,Regular
CUST0083,Tanmayi Pant,55,Male,Ranchi,East,panini44@example.org,+913829879794,2021-01-05,Premium
CUST0084,Atharv Sarma,35,Male,Hyderabad,South,samesh83@example.org,02192174062,2021-01-25,Regular
CUST0085,Anthony Sabharwal,47,Male,Chennai,South,raagini21@example.com,+914390909457,2022-07-04,Premium
CUST0086,Sara Chandran,40,Female,Patna,East,pchopra@example.org,4880222863,2022-12-29,Regular
CUST0087,Jairaj Tak,39,Male,Surat,West,charita06@example.net,+916310326368,2021-05-19,Premium
CUST0088,Ekavir Som,30,Female,Pune,West,rehaandixit@example.net,07464471093,2021-06-21,Occasional
CUST0089,Avi Dugar,22,Female,Bhubaneswar,East,oshabera@example.net,+919412185429,2022-12-02,Regular
CUST0090,Pranit Gera,51,Male,Chennai,South,kashish51@example.org,5888127353,2021-08-01,Premium
CUST0091,Lila Goel,38,Male,Hyderabad,South,lkala@example.com,0727785333,2021-07-01,Premium
CUST0092,Neelima Sengupta,58,Male,Mumbai,West,zsha@example.net,4598188983,2021-09-05,Premium
CUST0093,Hitesh Bhardwaj,40,Female,Amritsar,North,wriddhishjhaveri@example.net,09302415930,2021-01-05,Regular
CUST0094,Nidra Nigam,52,Female,Chandigarh,North,wchhabra@example.com,7491576332,2021-12-16,Premium
CUST0095,Pahal Goyal,59,Other,Jaipur,North,xiti74@example.com,+910929979448,2021-06-12,Premium
CUST0096,Vaishnavi Gandhi,28,Other,Kochi,South,krisharora@example.com,9064244848,2022-04-21,Occasional
CUST0097,Thomas Din,53,Male,Hyderabad,South,hardik85@example.org,3533098183,2021-12-19,Premium
CUST0098,Divya Bhardwaj,50,Female,Mumbai,West,xbarad@example.net,6019489379,2022-11-23,Premium
CUST0099,Simon Maharaj,37,Female,Jaipur,North,peter12@example.com,+915020972424,2021-12-03,Occasional
CUST0100,Faqid Zachariah,47,Female,Ahmedabad,West,yvarghese@example.com,+912285625397,2021-05-05,Premium
CUST0101,Chakradev Kumar,51,Male,Surat,West,bnarayan@example.net,5844726427,2022-10-15,Premium
CUST0102,Abdul Varty,59,Male,Nagpur,West,msharma@example.org,01650129808,2021-07-31,Premium
CUST0103,Aryan Prabhu,65,Male,Patna,East,danielbhakta@example.com,6094881082,2022-09-04,Premium
CUST0104,Saksham Gola,59,Male,Chandigarh,North,mgoel@example.com,0235999169,2022-08-04,Premium
CUST0105,Jacob Ganesh,27,Male,Amritsar,North,neel48@example.org,3556912989,2022-04-09,Regular
CUST0106,Samarth Vora,33,Male,Kolkata,East,vamakshi69@example.org,01949284938,2021-10-28,Premium
CUST0107,Finn Hayre,34,Female,Bhubaneswar,East,iyerjacob@example.net,06831684219,2022-10-29,Regular
CUST0108,Yadavi Golla,44,Male,Delhi,North,madanzarna@example.com,+911824604639,2021-08-26,Regular
CUST0109,Ekapad Tank,23,Male,Patna,East,yjhaveri@example.com,5939224803,2022-10-17,Regular
CUST0110,Yashica Sheth,43,Female,Nagpur,West,indali84@example.org,05018088706,2022-05-29,Premium
CUST0111,Ishwar Bir,46,Female,Hyderabad,South,faqid23@example.net,01531517829,2022-11-18,Premium
CUST0112,Kamala Bandi,33,Other,Ahmedabad,West,hitesh17@example.org,2042787600,2021-02-07,Regular
CUST0113,Harita Chaudhari,64,Male,Lucknow,North,samarthmallick@example.net,+918961060502,2022-02-14,Premium
CUST0114,Gayathri Basak,55,Male,Patna,East,advay59@example.com,+913989616341,2022-03-27,Premium
CUST0115,Saanvi Atwal,45,Female,Chennai,South,rrastogi@example.net,4807017848,2021-02-28,Premium
CUST0116,Gagan Oak,33,Other,Chandigarh,North,tgupta@example.com,+916443771274,2021-09-29,Regular
CUST0117,Timothy Brahmbhatt,65,Female,Guwahati,East,mammenmeera@example.com,05886341227,2022-07-09,Premium
CUST0118,Jagrati Grover,22,Male,Hyderabad,South,ssur@example.org,5383205362,2021-07-28,Premium
CUST0119,Advik Dhawan,46,Other,Hyderabad,South,aswamy@example.net,07864618602,2022-02-04,Premium
CUST0120,Mitesh Rao,35,Other,Bhubaneswar,East,mekhala15@example.net,+918575974820,2021-01-31,Regular
CUST0121,Yutika Salvi,43,Male,Kochi,South,jackson87@example.org,+918533123445,2021-12-29,Regular
CUST0122,Kalpit Bail,48,Female,Chandigarh,North,niharikamaharaj@example.net,+913288986858,2022-08-21,Premium
CUST0123,Shivani Maharaj,25,Male,Guwahati,East,otrivedi@example.org,7967723882,2022-12-10,Regular
CUST0124,Upasna Walla,59,Other,Mumbai,West,tiwarilajita@example.net,+911587236477,2021-01-26,Premium
CUST0125,Baghyawati Oak,42,Male,Jaipur,North,qsehgal@example.net,4069451187,2021-09-12,Regular
CUST0126,Chakrika Majumdar,23,Male,Delhi,North,ysarna@example.org,00951199999,2021-08-15,Regular
CUST0127,Upma Sanghvi,33,Male,Patna,East,randhawashivansh@example.net,2619456725,2022-04-13,Occasional
CUST0128,Anjali Mall,36,Male,Bhubaneswar,East,deozehaan@example.net,7912646984,2022-08-14,Premium
CUST0129,Bimala Basak,48,Other,Chennai,South,lcomar@example.com,+913163308044,2021-04-20,Premium
CUST0130,Varsha Chana,54,Male,Jaipur,North,groversamarth@example.com,07435456013,2022-04-17,Premium
CUST0131,Aarna Mukherjee,24,Male,Coimbatore,South,imaranvala@example.org,+912157304659,2021-01-10,Regular
CUST0132,Aadhya Kuruvilla,40,Male,Lucknow,North,darpanchakrabarti@example.com,7585945062,2022-07-24,Occasional
CUST0133,Lopa Chadha,60,Male,Amritsar,North,advaithdalal@example.net,+911149077635,2021-08-04,Premium
CUST0134,Hemang Bhavsar,53,Male,Surat,West,ydevan@example.org,+917653575038,2022-10-14,Premium
CUST0135,Nandini Sarin,62,Male,Amritsar,North,zachariachaman@example.org,+910796269775,2021-05-18,Premium
CUST0136,Arin Narula,64,Male,Bengaluru,South,bansalalexander@example.com,+915671455765,2021-03-20,Premium
CUST0137,Rachita Datta,27,Male,Hyderabad,South,elijah85@example.net,01027309840,2021-05-31,Regular
CUST0138,Jagat Zacharia,51,Female,Surat,West,anitasandhu@example.net,+910612282377,2021-07-16,Premium
CUST0139,Bina Chacko,45,Male,Bengaluru,South,nidhi47@example.org,04679750419,2022-03-03,Regular
CUST0140,Harinakshi Mahal,64,Male,Patna,East,xbarad@example.org,5696263303,2021-03-06,Premium
CUST0141,Anusha Kapoor,35,Male,Pune,West,gpillay@example.net,4499910372,2022-08-19,Regular
CUST0142,Irya Bava,60,Other,Coimbatore,South,dsoman@example.org,+910901023612,2022-04-30,Premium
CUST0143,Krisha Srivastava,23,Female,Chennai,South,nagyvedhika@example.org,+910100785735,2022-11-02,Occasional
CUST0144,Abdul Rajagopalan,37,Male,Patna,East,avni27@example.org,01738343470,2021-12-27,Regular
CUST0145,Kavya Sheth,30,Other,Surat,West,anyakant@example.org,+911242531700,2022-10-13,Regular
CUST0146,Pavani Bawa,35,Female,Guwahati,East,ykota@example.com,5397409998,2021-05-11,Regular
CUST0147,Ekiya Bora,38,Male,Surat,West,alexander80@example.com,01214652398,2021-04-20,Regular
CUST0148,Dhruv Narasimhan,28,Female,Surat,West,ekavirvenkatesh@example.com,05928999321,2022-06-03,Regular
CUST0149,Charita Bobal,28,Female,Jaipur,North,kapooraadhya@example.com,+914774521888,2022-03-04,Occasional
CUST0150,Rayaan Chaudhary,37,Other,Kochi,South,qushilall@example.com,+911761221206,2022-04-21,Premium
CUST0151,Abhimanyu Kalita,47,Female,Chennai,South,chaudharycharles@example.com,0788485016,2022-08-31,Premium
CUST0152,Shaurya Som,24,Other,Jaipur,North,umanggrewal@example.net,08998965641,2021-10-23,Regular
CUST0153,Bakhshi Sathe,62,Female,Kolkata,East,tanayatwal@example.org,+915249206698,2022-01-14,Premium
CUST0154,Nirja Guha,56,Male,Delhi,North,lsandal@example.com,09605778892,2022-04-09,Premium
CUST0155,Harini Kurian,29,Male,Coimbatore,South,vritti87@example.com,+915488401556,2021-04-22,Regular
CUST0156,Aarush Bhagat,49,Other,Bengaluru,South,bahllaksh@example.org,04616603823,2022-01-01,Premium
CUST0157,Bhavini Patla,29,Female,Jaipur,North,mallgabriel@example.net,1382444989,2022-11-12,Regular
CUST0158,Zaid Purohit,58,Female,Jaipur,North,panini21@example.net,6792971038,2021-09-26,Premium
CUST0159,Gavin Doctor,25,Female,Lucknow,North,nadigvritti@example.com,00432444216,2021-10-19,Regular
CUST0160,Warhi Radhakrishnan,53,Female,Coimbatore,South,rachitaloke@example.org,+918079151078,2022-11-19,Premium
CUST0161,Jalsa Narang,59,Male,Lucknow,North,agarwalkeya@example.net,2269629210,2021-08-02,Premium
CUST0162,Yamini Wadhwa,54,Female,Jaipur,North,bimala30@example.com,0772377608,2022-09-28,Premium
CUST0163,Saumya Singh,47,Female,Kolkata,East,chakradevravi@example.net,+911158952233,2022-09-28,Premium
CUST0164,Teerth Soman,45,Male,Chandigarh,North,aarav31@example.com,02712556619,2021-07-10,Occasional
CUST0165,Sarthak Oza,53,Male,Bengaluru,South,aryannarasimhan@example.org,08853852097,2021-07-30,Premium
CUST0166,Harita Nadig,28,Male,Kolkata,East,balayanita@example.org,5536709766,2021-11-10,Regular
CUST0167,Varsha Ben,63,Female,Pune,West,sahnigopal@example.org,6834831502,2021-10-03,Premium
CUST0168,Guneet Raja,22,Male,Chennai,South,acharyaranbir@example.net,+911766577899,2022-11-04,Premium
CUST0169,Charles Patla,41,Female,Chennai,South,jganesan@example.net,8927006746,2021-10-20,Regular
CUST0170,Yash Kibe,51,Male,Ahmedabad,West,faras11@example.org,06224430577,2022-12-28,Premium
CUST0171,Isha Kari,57,Other,Bengaluru,South,xdass@example.org,+912482513404,2021-11-18,Premium
CUST0172,Sanya Saha,30,Male,Nagpur,West,ojas95@example.com,+910674736407,2021-11-22,Occasional
CUST0173,Wahab Kothari,57,Male,Mumbai,West,qkala@example.org,09042400798,2021-06-08,Premium
CUST0174,Nitesh Kalita,49,Male,Chennai,South,caleb27@example.org,+916704589326,2021-11-02,Premium
CUST0175,Balendra Lala,63,Female,Delhi,North,azadgrewal@example.net,1864892812,2021-05-12,Premium
CUST0176,Ishani Dani,50,Female,Delhi,North,falak36@example.net,5437862522,2022-07-29,Premium
CUST0177,Pratyush Koshy,34,Female,Ahmedabad,West,zsheth@example.net,3549342073,2022-11-08,Premium
CUST0178,Sachi Chaudhuri,26,Female,Kolkata,East,chamanchandra@example.net,5005336464,2022-03-20,Regular
CUST0179,Yoshita Singhal,43,Other,Surat,West,hredhaansharaf@example.org,00807021680,2021-09-02,Occasional
CUST0180,Leela Talwar,42,Female,Mumbai,West,vanya04@example.com,04623144130,2022-09-16,Regular
CUST0181,Chasmum Narang,59,Other,Ahmedabad,West,hemal75@example.com,04659739345,2021-05-25,Premium
CUST0182,Nathaniel Badal,49,Male,Lucknow,North,triya28@example.com,+912547098973,2021-12-27,Premium
CUST0183,Hemani Dani,52,Female,Jaipur,North,lakshmitiwari@example.com,3536400280,2021-11-15,Premium
CUST0184,Advay Patil,54,Female,Jaipur,North,tdate@example.com,09260969284,2021-08-03,Premium
CUST0185,Aditya Dugar,45,Other,Nagpur,West,andrewchawla@example.net,+915405268148,2022-01-07,Regular
CUST0186,Hemang Barad,64,Female,Ranchi,East,rohan39@example.com,07174993237,2022-11-15,Premium
CUST0187,Forum Prabhu,38,Female,Lucknow,North,qmahal@example.org,+918376738967,2022-07-04,Regular
CUST0188,Anusha Pathak,40,Female,Chennai,South,zilmilchandran@example.org,+911907207920,2022-06-15,Regular
CUST0189,Ikbal Pall,61,Male,Kochi,South,samravaishnavi@example.net,+918638939002,2021-02-22,Premium
CUST0190,Chaman Chaudhry,46,Male,Coimbatore,South,kumerishaan@example.net,02321712646,2021-11-15,Premium
CUST0191,Advika Madan,31,Female,Mumbai,West,manan24@example.net,+915305231161,2021-04-23,Occasional
CUST0192,Kevin Toor,59,Other,Bengaluru,South,bdash@example.net,+916986425508,2021-12-02,Premium
CUST0193,Aashi Virk,46,Male,Pune,West,chandaikshita@example.com,+916036799962,2022-08-23,Premium
CUST0194,Panini Badami,38,Female,Bengaluru,South,gbora@example.net,+918228689665,2022-09-26,Regular
CUST0195,Vedika Rege,53,Female,Bhubaneswar,East,deolmegha@example.org,5003045400,2021-05-05,Premium
CUST0196,Udyati Rajagopal,32,Male,Ahmedabad,West,om80@example.org,07993916656,2022-05-01,Regular
CUST0197,Wakeeta Chakrabarti,31,Other,Coimbatore,South,iganesh@example.org,03928379886,2022-05-13,Regular
CUST0198,Dev Wagle,32,Male,Chandigarh,North,isarma@example.org,+915236585946,2022-03-17,Regular
CUST0199,Ikshita Wable,49,Male,Surat,West,trama@example.com,3701399820,2022-04-05,Premium
CUST0200,Bishakha Walla,41,Other,Lucknow,North,dyalshivansh@example.com,04727563747,2021-12-12,Regular
CUST0201,Ira Banik,40,Female,Lucknow,North,ronith18@example.com,+919858074423,2022-10-23,Occasional
CUST0202,Samar Pillay,24,Male,Chandigarh,North,poojasandal@example.org,5774800525,2021-01-03,Regular
CUST0203,Yagnesh Deo,61,Male,Lucknow,North,deyayaan@example.com,7372591480,2022-02-08,Premium
CUST0204,Madhavi Dutt,51,Male,Hyderabad,South,abduldora@example.org,+919890435144,2022-07-19,Premium
CUST0205,Harita Kurian,60,Male,Hyderabad,South,jbora@example.com,04820470510,2021-04-11,Premium
CUST0206,Reyansh Gola,43,Female,Nagpur,West,mangalwriddhish@example.net,+912210577887,2022-07-12,Regular
CUST0207,Dipta Palla,49,Female,Pune,West,varenya54@example.com,08357303246,2022-05-08,Premium
CUST0208,Dev Venkataraman,52,Female,Ahmedabad,West,zaitraatwal@example.net,09984446912,2021-09-30,Premium
CUST0209,Charles Babu,59,Male,Bengaluru,South,jalsajha@example.org,08594837968,2022-06-01,Premium
CUST0210,Yadavi Dani,42,Other,Mumbai,West,cratti@example.org,04740303623,2021-12-03,Regular
CUST0211,Maanas Arora,55,Male,Delhi,North,ikbalkari@example.com,6863180806,2021-04-25,Premium
CUST0212,Reva Vyas,54,Male,Hyderabad,South,gdyal@example.net,+913523850286,2022-04-22,Premium
CUST0213,Neel Narang,23,Other,Nagpur,West,upadhritimitter@example.com,4173556664,2021-12-02,Occasional
CUST0214,Bimala Chopra,50,Female,Chandigarh,North,golajeevika@example.net,8995679739,2022-08-26,Premium
CUST0215,Kamya Apte,52,Male,Surat,West,dharlipika@example.org,7130873939,2022-09-29,Premium
CUST0216,Jacob Sengupta,38,Male,Patna,East,sanya64@example.net,+914630590232,2022-01-11,Regular
CUST0217,Jonathan Madan,56,Other,Pune,West,zashil97@example.com,+917152188456,2022-09-16,Premium
CUST0218,Chandresh Sibal,23,Female,Ranchi,East,samaksh22@example.net,+911611994020,2022-07-16,Regular
CUST0219,Nimrat Mall,23,Male,Surat,West,mekhalajain@example.com,+919451319377,2021-08-05,Premium
CUST0220,Abha Bawa,58,Other,Pune,West,osha18@example.org,0362315414,2021-11-30,Premium
CUST0221,Naveen Dass,32,Other,Kochi,South,ladpahal@example.com,4499665974,2022-05-25,Regular
CUST0222,Umang Sama,25,Male,Chennai,South,matthewdeo@example.com,+919691487225,2021-03-24,Regular
CUST0223,Aarini Dugar,64,Male,Guwahati,East,baghyawati37@example.com,+916985294390,2022-10-30,Premium
CUST0224,Gayathri Tata,41,Male,Hyderabad,South,meera52@example.org,5444657594,2022-03-03,Premium
CUST0225,Avi Das,59,Female,Lucknow,North,ayush68@example.net,02481965407,2022-09-07,Premium
CUST0226,Ronith Jaggi,52,Male,Amritsar,North,doctorpatrick@example.org,+915452063732,2021-02-02,Premium
CUST0227,Yashawini Loyal,53,Other,Patna,East,tarak69@example.net,09859144905,2021-04-17,Premium
CUST0228,Azad Nayak,38,Male,Chandigarh,North,pminhas@example.com,04913711209,2021-04-26,Premium
CUST0229,Tanish Narula,50,Male,Lucknow,North,cheemadominic@example.net,+919972595820,2021-04-07,Premium
CUST0230,Inaya Bose,65,Male,Ahmedabad,West,chandresh83@example.org,4182459767,2021-05-14,Premium
CUST0231,Yashica Dugar,55,Female,Hyderabad,South,farasshankar@example.org,04591483788,2022-12-16,Premium
CUST0232,Yashodhara Keer,37,Male,Jaipur,North,xhora@example.com,5211383941,2022-05-06,Regular
CUST0233,Yahvi Dhar,65,Female,Jaipur,North,dchander@example.org,8171691803,2021-09-27,Premium
CUST0234,Urvi Vig,22,Female,Bengaluru,South,sathviksandal@example.org,9697362944,2022-06-28,Occasional
CUST0235,Dipta Vala,42,Male,Amritsar,North,naveenacharya@example.com,6638764465,2021-09-16,Regular
CUST0236,Omisha Sachdeva,58,Other,Delhi,North,netrabose@example.org,4344976100,2022-12-07,Premium
CUST0237,Oeshi Ram,37,Female,Hyderabad,South,panditzansi@example.com,1639229779,2022-06-27,Occasional
CUST0238,Dominic Kothari,52,Male,Pune,West,ctata@example.net,+912109493157,2022-12-24,Premium
CUST0239,Om Bumb,44,Female,Chandigarh,North,rprakash@example.net,+918575481656,2021-05-09,Regular
CUST0240,Suhani Shanker,41,Male,Kochi,South,omishamallick@example.com,00903839708,2022-07-16,Regular
CUST0241,Victor Puri,35,Other,Chandigarh,North,diya56@example.net,+910941125465,2021-11-28,Occasional
CUST0242,Vanya Bhat,30,Male,Delhi,North,siddharth92@example.org,07788326862,2021-06-15,Regular
CUST0243,Oviya Nagy,29,Female,Surat,West,davepraneel@example.net,08673747298,2021-06-14,Regular
CUST0244,Kala Chand,53,Male,Patna,East,williamkrishnan@example.com,3546184927,2021-08-24,Premium
CUST0245,Naveen Dubey,41,Female,Bhubaneswar,East,tankijaya@example.net,01821712670,2021-04-22,Regular
CUST0246,Oliver Chander,35,Female,Hyderabad,South,bhanumatisangha@example.net,+915058488535,2022-03-01,Regular
CUST0247,Geetika Chopra,37,Male,Kolkata,East,swadhwa@example.org,07554195765,2022-07-11,Regular
CUST0248,Noah Varkey,43,Female,Kochi,South,fdeo@example.com,5259099909,2021-01-26,Occasional
CUST0249,Bina Chander,35,Female,Kolkata,East,venkataramantriya@example.org,09560038333,2022-12-15,Regular
CUST0250,Vanya Subramaniam,49,Male,Surat,West,jhaarunima@example.com,02359519562,2021-10-16,Premium
CUST0251,Faris Thakkar,25,Female,Kochi,South,aishaniramachandran@example.org,05045908874,2021-02-05,Regular
CUST0252,Urmi Sehgal,43,Male,Kolkata,East,lakshmi70@example.net,+911441563970,2021-11-11,Regular
CUST0253,Mohammed Dhar,22,Other,Mumbai,West,boballila@example.com,02343205261,2022-11-24,Occasional
CUST0254,Pratyush Morar,42,Male,Patna,East,chasmum19@example.net,06892255150,2022-11-19,Premium
CUST0255,Darpan Jhaveri,42,Male,Lucknow,North,hthakur@example.net,+917140543460,2021-05-21,Regular
CUST0256,Kabir Bhagat,35,Female,Jaipur,North,chatreshhayre@example.org,7429315816,2022-12-01,Regular
CUST0257,Idika Dewan,59,Male,Mumbai,West,subramaniamrajeshri@example.net,0640234520,2021-12-05,Premium
CUST0258,Sanaya Khalsa,65,Male,Delhi,North,duttzilmil@example.com,6202989542,2021-04-22,Premium
CUST0259,Brijesh Patla,40,Other,Jaipur,North,jkumer@example.net,+912559532416,2021-12-09,Regular
CUST0260,Timothy Nori,23,Female,Kochi,South,aadhya14@example.com,05661752156,2021-01-06,Regular
CUST0261,Dalaja Nayak,60,Male,Kolkata,East,netra59@example.com,3329481776,2022-11-12,Premium
CUST0262,Quincy Ray,35,Male,Kochi,South,harsh84@example.org,+919920432289,2022-08-05,Occasional
CUST0263,Jacob Radhakrishnan,59,Male,Kolkata,East,zjani@example.net,+912934564766,2022-04-24,Premium
CUST0264,Rudra Konda,45,Other,Jaipur,North,rmane@example.org,+914337863355,2022-10-09,Regular
CUST0265,Ayushman Master,24,Female,Bengaluru,South,liammodi@example.org,1896529916,2021-11-01,Regular
CUST0266,Tanay Sane,60,Other,Patna,East,ekalingagarg@example.org,+913327092391,2022-08-21,Premium
CUST0267,Dipta Batra,52,Male,Guwahati,East,samraaarna@example.org,0694876609,2021-08-25,Premium
CUST0268,Rajeshri Kashyap,22,Female,Chennai,South,eparmar@example.com,0673030618,2021-07-14,Premium
CUST0269,Fiyaz Verma,62,Female,Mumbai,West,bmorar@example.com,2416232855,2021-04-07,Premium
CUST0270,Suhani Srivastava,23,Female,Ranchi,East,hemalrao@example.net,+917811007956,2022-05-01,Premium
CUST0271,Gopal Dash,53,Male,Jaipur,North,jainanmol@example.net,08537530299,2021-11-17,Premium
CUST0272,Zehaan Walia,47,Male,Bhubaneswar,East,mchoudhury@example.org,09922740709,2022-07-06,Premium
CUST0273,Tanmayi Pai,61,Female,Lucknow,North,bhattacharyyahemal@example.com,+913328230085,2022-10-03,Premium
CUST0274,Radhika Choudhury,46,Other,Chennai,South,gillnimrat@example.org,09744618464,2022-10-18,Premium
CUST0275,Rajata Baria,49,Female,Ranchi,East,yashoda44@example.org,2152340163,2022-06-13,Premium
CUST0276,Manthan Grover,51,Male,Amritsar,North,shravya26@example.org,05964058186,2022-08-23,Premium
CUST0277,Nirja Sarkar,50,Male,Amritsar,North,brijesh34@example.net,+910490101189,2021-01-15,Premium
CUST0278,Reyansh Dayal,42,Female,Chennai,South,maxkrishnamurthy@example.net,02283306179,2021-03-16,Regular
CUST0279,Zaitra Biswas,49,Male,Patna,East,zinalbhasin@example.net,05643024737,2021-02-27,Premium
CUST0280,Chandani Narayanan,40,Other,Patna,East,yachana34@example.net,08157882850,2021-04-10,Regular
CUST0281,Chaman Khalsa,59,Male,Chennai,South,ykothari@example.net,4683717995,2022-01-24,Premium
CUST0282,Anmol Nagar,29,Male,Bhubaneswar,East,mgarg@example.net,+917483907284,2022-06-10,Regular
CUST0283,Dalbir Roy,41,Female,Chennai,South,jeet63@example.com,09441817354,2022-09-16,Regular
CUST0284,Daksha Karan,63,Male,Ranchi,East,khalsayadavi@example.net,9103011709,2021-11-14,Premium
CUST0285,Mitesh Padmanabhan,48,Other,Pune,West,ikshita99@example.org,+917078927906,2021-03-26,Premium
CUST0286,Vanya Dada,23,Female,Ranchi,East,hchada@example.org,07965210769,2021-12-28,Occasional
CUST0287,Harish Sahota,26,Male,Delhi,North,jasmitmore@example.net,+919665073509,2022-12-05,Regular
CUST0288,Amara Iyer,46,Female,Delhi,North,krishnazilmil@example.org,8185924418,2022-10-31,Premium
CUST0289,Ojasvi Chakraborty,54,Female,Mumbai,West,atimorar@example.org,+917589937079,2022-05-18,Premium
CUST0290,Ekapad Narasimhan,54,Female,Ranchi,East,kalemeera@example.net,4756522710,2021-08-28,Premium
CUST0291,Kabir D’Alia,58,Male,Lucknow,North,vasudha18@example.org,06120851301,2021-08-28,Premium
CUST0292,Hardik Mukherjee,40,Other,Jaipur,North,boradarsh@example.com,09578871700,2022-07-02,Premium
CUST0293,Vidhi Khatri,54,Female,Ranchi,East,arunimanagarajan@example.org,04212211433,2022-02-22,Premium
CUST0294,Ekapad Dhingra,40,Male,Bengaluru,South,megha66@example.org,02788457852,2022-09-18,Premium
CUST0295,Sathvik Dara,39,Male,Ranchi,East,ryandatta@example.com,+918504253764,2022-03-06,Premium
CUST0296,Qarin Jha,51,Female,Bengaluru,South,jaggivarenya@example.org,0095425908,2022-12-27,Premium
CUST0297,Ikbal Mane,42,Female,Mumbai,West,nidhisarma@example.net,08439708575,2022-04-30,Premium
CUST0298,Faris Malhotra,54,Female,Mumbai,West,lopasundaram@example.com,03360285447,2021-10-09,Premium
CUST0299,Wahab Jain,34,Male,Jaipur,North,tejasmohanty@example.net,05639370772,2021-10-07,Premium
CUST0300,Maanav Kashyap,51,Female,Amritsar,North,ramachandranabeer@example.org,+919193657073,2022-02-17,Premium
CUST0301,Vihaan Saini,63,Male,Chandigarh,North,rvirk@example.net,02507300516,2021-05-16,Premium
CUST0302,Praneel Solanki,54,Male,Coimbatore,South,wkhatri@example.com,+915854099654,2022-07-31,Premium
CUST0303,Tarak Talwar,34,Female,Delhi,North,noah82@example.com,04618872888,2021-09-01,Regular
CUST0304,Banjeet Yogi,31,Other,Bhubaneswar,East,rohan50@example.com,04116402135,2021-09-04,Regular
CUST0305,Barkha Dhingra,45,Female,Kochi,South,ijaya48@example.net,+911112765008,2021-05-30,Regular
CUST0306,Aahana Agarwal,48,Male,Nagpur,West,owendeshpande@example.net,08489968224,2021-05-19,Premium
CUST0307,Ekani Tak,47,Other,Kochi,South,dipta61@example.net,08840301976,2021-03-06,Premium
CUST0308,Charita Sule,64,Female,Jaipur,North,deolniharika@example.com,00919184116,2021-02-20,Premium
CUST0309,Hamsini Toor,29,Female,Guwahati,East,girindra07@example.com,04372526413,2021-12-05,Occasional
CUST0310,Hemal Singhal,31,Female,Ranchi,East,riya45@example.org,01812494669,2022-03-10,Occasional
CUST0311,Dhriti Rattan,47,Male,Lucknow,North,ekbal10@example.org,03433189099,2021-11-22,Premium
CUST0312,Sudiksha Pau,47,Female,Patna,East,ishani32@example.net,+914095254938,2022-01-30,Premium
CUST0313,Nikita Kala,33,Male,Coimbatore,South,ykhosla@example.com,02661608981,2021-06-04,Regular
CUST0314,Nathaniel Dani,55,Female,Kochi,South,wbhalla@example.org,1169927694,2021-12-02,Premium
CUST0315,Kiaan Gulati,29,Other,Lucknow,North,purohitrajeshri@example.org,+915809027701,2021-04-22,Occasional
CUST0316,Vinaya Varughese,32,Male,Ranchi,East,adweta06@example.net,00612073510,2022-05-20,Regular
CUST0317,Balendra Soman,35,Other,Nagpur,West,kbhargava@example.net,02852297610,2021-09-26,Occasional
CUST0318,Ethan Manda,37,Female,Chennai,South,arunima47@example.com,3230370793,2021-12-08,Occasional
CUST0319,Veer Sankaran,59,Male,Chennai,South,turvi93@example.org,03313831383,2021-01-10,Premium
CUST0320,Tanish Dhar,63,Other,Kochi,South,ojasvi37@example.org,02107302887,2022-12-11,Premium
CUST0321,Vyanjana Ramaswamy,48,Male,Coimbatore,South,brijesh65@example.org,6780336922,2022-03-04,Premium
CUST0322,Gavin Acharya,55,Other,Surat,West,tanaymangat@example.net,6076168200,2021-05-04,Premium
CUST0323,Orinder Chandra,32,Other,Jaipur,North,bmurthy@example.net,9451532872,2022-03-31,Occasional
CUST0324,Arjun Varughese,22,Male,Chennai,South,mitalichandra@example.com,+910300373943,2021-02-07,Premium
CUST0325,Advik Palan,65,Other,Kolkata,East,leelataneja@example.com,+911521928706,2021-01-31,Premium
CUST0326,Ekantika Bhatnagar,39,Male,Pune,West,abharoy@example.net,01285240407,2022-06-28,Premium
CUST0327,Andrew Prasad,56,Female,Kochi,South,omdeshmukh@example.com,4049194784,2022-08-03,Premium
CUST0328,Simon Vohra,46,Male,Ranchi,East,chaitanyagoda@example.com,+914649703326,2022-11-20,Premium
CUST0329,Pushti Gour,45,Female,Kochi,South,hiteshrama@example.com,03955616003,2022-10-17,Regular
CUST0330,Yasti Ramesh,39,Male,Jaipur,North,hemani14@example.com,+914630300954,2022-08-10,Occasional
CUST0331,Yashvi Manne,59,Male,Surat,West,shayre@example.net,07880996582,2021-03-03,Premium
CUST0332,Tamanna Mukherjee,58,Female,Lucknow,North,rachitamaharaj@example.net,08125285639,2021-05-07,Premium
CUST0333,Upma Sidhu,43,Other,Ahmedabad,West,ssagar@example.net,+914416770770,2022-01-06,Regular
CUST0334,Harini Kannan,53,Other,Coimbatore,South,yastinadkarni@example.com,+917524937031,2022-02-26,Premium
CUST0335,Ishani Bakshi,50,Female,Bengaluru,South,chanarobert@example.net,7090187912,2022-04-10,Premium
CUST0336,Krishna Saxena,64,Other,Ahmedabad,West,gaurav22@example.com,05292685626,2022-02-28,Premium
CUST0337,Tarak Thaker,50,Male,Bhubaneswar,East,pbhattacharyya@example.com,+916991881519,2022-02-28,Premium
CUST0338,Chakradev Mand,32,Male,Ranchi,East,banerjeeqasim@example.net,+912376644598,2022-04-18,Premium
CUST0339,Gayathri Kuruvilla,61,Male,Kochi,South,wsama@example.net,+919116995838,2021-11-20,Premium
CUST0340,Oscar Wali,61,Male,Coimbatore,South,abdul69@example.com,+910878643394,2022-03-14,Premium
CUST0341,Isaac Vala,46,Male,Jaipur,North,zayan40@example.org,3694430099,2022-09-27,Premium
CUST0342,Brijesh Uppal,36,Female,Chennai,South,swaminathanayaan@example.org,1986192888,2022-02-05,Premium
CUST0343,Ronith Ratti,63,Female,Ahmedabad,West,fdass@example.org,2433389194,2022-03-03,Premium
CUST0344,Leela Rajagopalan,44,Other,Ranchi,East,girikparmer@example.org,+915201691336,2022-10-05,Regular
CUST0345,Jacob Prabhu,33,Other,Bhubaneswar,East,pausudiksha@example.com,02291283200,2022-12-18,Premium
CUST0346,Isha Kibe,41,Other,Lucknow,North,regearunima@example.org,02884363962,2022-02-25,Premium
CUST0347,Warjas Varkey,29,Male,Patna,East,ira47@example.org,00059684017,2022-04-08,Occasional
CUST0348,Triya Rastogi,29,Female,Bhubaneswar,East,madhavi40@example.com,0840360563,2022-01-19,Regular
CUST0349,Nakul Deep,58,Male,Pune,West,kkar@example.org,2797582741,2021-01-27,Premium
CUST0350,Vrishti Dubey,47,Female,Bhubaneswar,East,qabil41@example.com,01072114587,2021-06-26,Premium
CUST0351,Anirudh Kumer,58,Female,Lucknow,North,khatrirajeshri@example.net,5357037973,2021-05-14,Premium
CUST0352,Vincent Loke,30,Male,Lucknow,North,ekiya43@example.net,9744001297,2022-07-01,Occasional
CUST0353,Amruta Ratta,38,Male,Bhubaneswar,East,xmannan@example.com,6874182306,2022-10-21,Regular
CUST0354,Laban Sankaran,32,Male,Hyderabad,South,pluthra@example.net,07024737125,2021-11-30,Regular
CUST0355,Unnati Solanki,64,Male,Patna,East,hayerbishakha@example.net,9385309594,2021-10-27,Premium
CUST0356,Ganga Hayer,41,Female,Amritsar,North,ekanta98@example.net,01702902219,2022-01-05,Regular
CUST0357,Udant Mishra,51,Male,Delhi,North,samazehaan@example.org,8984146357,2022-02-27,Premium
CUST0358,Daksh Shan,57,Male,Pune,West,vrishti31@example.org,9926131243,2021-10-27,Premium
CUST0359,Yutika Suri,63,Male,Ranchi,East,yraghavan@example.net,5681041089,2022-10-14,Premium
CUST0360,Harshil Kadakia,38,Other,Patna,East,samuelgarde@example.org,+910964686475,2022-12-09,Occasional
CUST0361,Ranveer Nazareth,30,Other,Pune,West,sekhonleena@example.org,06895679822,2021-04-29,Regular
CUST0362,Netra Issac,54,Female,Chandigarh,North,radhakrishnanmegha@example.net,+919825355368,2022-04-23,Premium
CUST0363,Daksha Nadig,52,Female,Mumbai,West,janani95@example.net,00264323667,2021-02-24,Premium
CUST0364,Robert Mander,41,Male,Bengaluru,South,divaneta@example.net,02575327158,2021-06-10,Regular
CUST0365,Damini Batra,38,Male,Ranchi,East,sarinishita@example.net,08400837348,2021-10-25,Occasional
CUST0366,Zaitra Kade,33,Male,Amritsar,North,yashvi02@example.com,8374553363,2021-01-08,Occasional
CUST0367,Sarthak Kari,52,Female,Mumbai,West,chaitanyabajwa@example.net,9999435874,2022-11-06,Premium
CUST0368,Vedant Kohli,49,Male,Delhi,North,jack39@example.com,05342490528,2022-11-25,Premium
CUST0369,Alka Pal,44,Male,Chennai,South,rkaran@example.net,6659186121,2022-12-09,Regular
CUST0370,Ishaan Edwin,53,Female,Bhubaneswar,East,xratta@example.org,+914606510258,2021-04-30,Premium
CUST0371,Unni Hora,37,Female,Mumbai,West,qrai@example.net,+910156119584,2021-07-16,Premium
CUST0372,Wazir Seshadri,41,Male,Lucknow,North,mahajangopal@example.com,04831999326,2021-04-05,Regular
CUST0373,Ikbal Randhawa,64,Female,Patna,East,sachdevadarsh@example.org,06031443557,2022-08-21,Premium
CUST0374,Theodore Chaudry,58,Male,Patna,East,veer48@example.org,7887178985,2021-11-25,Premium
CUST0375,Veer Halder,54,Female,Chandigarh,North,benjamindar@example.net,+918598539754,2021-07-19,Premium
CUST0376,Owen Pandey,37,Male,Guwahati,East,gbath@example.com,+918508951446,2021-06-08,Regular
CUST0377,Lucky Dutta,25,Other,Ranchi,East,niharikathaman@example.net,00907668845,2021-03-09,Occasional
CUST0378,Bahadurjit Nath,38,Male,Mumbai,West,loyalchampak@example.org,7689772170,2021-02-15,Occasional
CUST0379,Amrita Contractor,35,Female,Patna,East,janakishankar@example.com,5730469419,2021-06-30,Regular
CUST0380,Pahal Nori,23,Male,Ahmedabad,West,idika69@example.com,+914876974264,2022-05-07,Regular
CUST0381,Pratyush Mani,33,Female,Patna,East,annerajata@example.net,07417076480,2021-01-23,Regular
CUST0382,Azaan Bains,30,Male,Coimbatore,South,daksheshrajagopal@example.net,6758503790,2022-03-19,Occasional
CUST0383,Ishani Chawla,44,Male,Bengaluru,South,ybutala@example.net,9552354599,2022-01-22,Regular
CUST0384,Darika Sani,62,Male,Pune,West,urvashi41@example.com,00909758164,2021-05-07,Premium
CUST0385,Kamya Sagar,23,Male,Pune,West,dbhattacharyya@example.com,04293095594,2022-06-05,Regular
CUST0386,Nikita Balan,50,Male,Kochi,South,narainadvik@example.org,+918478849578,2021-03-02,Premium
CUST0387,Vinaya Prashad,27,Other,Bhubaneswar,East,nishatalwar@example.org,09243238936,2021-01-03,Regular
CUST0388,Ekavir Chawla,37,Other,Ahmedabad,West,rudrajaggi@example.net,08577509732,2021-05-06,Premium
CUST0389,Reva Kaul,42,Male,Delhi,North,drama@example.org,+914734159863,2022-10-20,Regular
CUST0390,Waida Manda,56,Female,Patna,East,psarna@example.com,08409643294,2021-03-07,Premium
CUST0391,Geetika Ghosh,55,Female,Patna,East,cbrahmbhatt@example.com,01166334590,2022-10-27,Premium
CUST0392,Yashawini Bhalla,59,Female,Chennai,South,kaulayushman@example.net,1947785884,2021-08-12,Premium
CUST0393,Rachita Shroff,34,Female,Surat,West,zilmildalal@example.net,06354648668,2022-12-15,Occasional
CUST0394,Isaac Parekh,34,Other,Kolkata,East,yash88@example.com,+910648996087,2022-03-08,Occasional
CUST0395,Amrita Balan,42,Female,Mumbai,West,qarin95@example.net,01982812836,2021-06-21,Regular
CUST0396,Ojasvi Krishnan,60,Female,Pune,West,framaswamy@example.org,00121010204,2022-06-26,Premium
CUST0397,Jai Boase,43,Male,Ahmedabad,West,pgole@example.org,09070825918,2021-12-05,Occasional
CUST0398,Christopher Basu,55,Female,Chennai,South,znadig@example.com,+911693388589,2022-02-23,Premium
CUST0399,Saksham Goyal,65,Female,Surat,West,madanalka@example.net,+914082890689,2023-01-01,Premium
CUST0400,Baghyawati Bahri,58,Female,Kochi,South,aarnagoyal@example.org,+916260327267,2022-12-22,Premium
CUST0401,Mason Kumar,53,Other,Chandigarh,North,rajaidika@example.com,+910020061799,2021-04-03,Premium
CUST0402,Upkaar Chandran,56,Female,Guwahati,East,ayushrama@example.org,05573094376,2022-12-17,Premium
CUST0403,Bimala Rattan,44,Male,Bhubaneswar,East,xchar@example.net,+914232026533,2022-11-19,Regular
CUST0404,Samesh Iyengar,28,Male,Amritsar,North,jaibali@example.org,+919303224946,2021-09-09,Regular
CUST0405,Vyanjana Buch,43,Female,Coimbatore,South,krishdhawan@example.org,03246217596,2021-05-02,Regular
CUST0406,Janani Sen,56,Female,Bhubaneswar,East,valahenry@example.com,09263693429,2021-08-22,Premium
CUST0407,Kevin Khanna,58,Female,Coimbatore,South,champakgandhi@example.net,+915063122601,2022-06-07,Premium
CUST0408,Anvi Jaggi,28,Female,Kochi,South,praneelsura@example.net,09291456467,2021-02-12,Premium
CUST0409,Kritika Uppal,34,Male,Hyderabad,South,banjeet52@example.com,01997110589,2021-12-03,Occasional
CUST0410,Matthew Sule,51,Other,Amritsar,North,utkarsh58@example.org,9714226644,2021-12-08,Premium
CUST0411,Agastya Goyal,46,Male,Amritsar,North,doctorvarsha@example.net,7914290234,2021-04-17,Premium
CUST0412,Qadim Mammen,33,Male,Chennai,South,tanay24@example.com,05178485459,2021-01-03,Regular
CUST0413,Aarini Amble,49,Other,Surat,West,elijah34@example.org,1102947359,2021-05-08,Premium
CUST0414,Sai Maharaj,31,Male,Delhi,North,aarini26@example.net,4450942560,2021-08-30,Occasional
CUST0415,Ekanta Samra,35,Male,Pune,West,rsidhu@example.net,7296249966,2022-12-06,Regular
CUST0416,Hitesh Soman,63,Female,Mumbai,West,sarinvasudha@example.com,+913241088197,2022-12-24,Premium
CUST0417,Radha Mander,26,Other,Kochi,South,zinalchopra@example.com,0371658413,2021-10-26,Occasional
CUST0418,Osha Gour,43,Male,Ahmedabad,West,wparmar@example.net,4844432414,2022-06-16,Occasional
CUST0419,Indrajit Upadhyay,41,Other,Surat,West,avnilad@example.com,6513696589,2021-01-22,Occasional
CUST0420,Zehaan Choudhury,62,Male,Ahmedabad,West,kashvi59@example.org,+916360093514,2021-04-05,Premium
CUST0421,Benjamin Issac,62,Female,Coimbatore,South,kannanishani@example.org,08429266554,2021-01-31,Premium
CUST0422,David Mahal,54,Female,Coimbatore,South,qtailor@example.net,+913485720595,2022-01-06,Premium
CUST0423,Ayaan Kar,33,Other,Chandigarh,North,gauri58@example.net,9375273023,2022-10-08,Regular
CUST0424,Adya Sidhu,64,Other,Lucknow,North,omandal@example.com,+912608886138,2021-04-11,Premium
CUST0425,Devika Issac,63,Male,Nagpur,West,ymani@example.net,3826563649,2022-02-26,Premium
CUST0426,Nakul Puri,32,Other,Bengaluru,South,bahadurjit87@example.net,+914047120991,2022-05-16,Regular
CUST0427,Laksh Gole,25,Male,Kochi,South,traju@example.com,00955257677,2022-04-30,Regular
CUST0428,Abdul Gour,37,Male,Surat,West,dparsa@example.com,06932118754,2022-06-13,Occasional
CUST0429,Daniel Rau,49,Female,Jaipur,North,sudikshanath@example.com,1922494139,2021-12-14,Premium
CUST0430,Ayush Dar,41,Female,Bengaluru,South,indira33@example.net,0332713328,2022-12-03,Regular
CUST0431,Neelima Chander,28,Male,Lucknow,North,acharyaniharika@example.com,03022592852,2021-01-12,Regular
CUST0432,Meera Krishnan,57,Female,Ahmedabad,West,christopher64@example.org,+914964243284,2022-01-13,Premium
CUST0433,Oliver Ram,64,Female,Kochi,South,lkapur@example.net,9535107533,2022-04-24,Premium
CUST0434,Ganga Gandhi,59,Male,Nagpur,West,chameli38@example.net,06947029909,2022-12-03,Premium
CUST0435,Ekalinga Chowdhury,51,Female,Bhubaneswar,East,nidraratta@example.com,+913249014792,2022-07-31,Premium
CUST0436,Lekha Kulkarni,57,Female,Ahmedabad,West,ekaraj32@example.net,+915479034282,2022-05-14,Premium
CUST0437,Aditya Borah,26,Other,Ahmedabad,West,hredhaan90@example.com,2203044809,2021-09-27,Regular
CUST0438,Baljiwan Srinivasan,44,Female,Nagpur,West,qarin49@example.org,+913598967504,2022-05-08,Regular
CUST0439,Manbir Chacko,25,Female,Chennai,South,basakyashica@example.net,01745442222,2022-06-02,Regular
CUST0440,Zansi Saxena,31,Female,Ahmedabad,West,charan79@example.org,7490090928,2022-04-22,Regular
CUST0441,Gagan Garg,28,Female,Mumbai,West,wyatt30@example.com,+918366922252,2021-07-17,Regular
CUST0442,Jackson Khare,37,Female,Guwahati,East,amblemanya@example.org,09246145984,2021-02-17,Regular
CUST0443,Wyatt Aggarwal,36,Other,Bengaluru,South,ssrivastava@example.org,+916892380912,2022-03-10,Regular
CUST0444,Yagnesh Rout,23,Female,Patna,East,imajumdar@example.org,+919260247675,2022-01-20,Regular
CUST0445,Sachi Sibal,44,Other,Ahmedabad,West,zaitrahans@example.net,1562122368,2021-07-05,Occasional
CUST0446,Anthony Pandit,61,Female,Chennai,South,sharafgaurang@example.com,08136412562,2021-03-10,Premium
CUST0447,Gaurang Chaudhary,65,Other,Guwahati,East,hshan@example.net,+914082033457,2021-01-31,Premium
CUST0448,Wyatt Gade,33,Female,Nagpur,West,omanita@example.com,05481370843,2021-10-25,Premium
CUST0449,Pratyush Hans,52,Male,Delhi,North,kvirk@example.net,7733162211,2022-09-06,Premium
CUST0450,Abhimanyu Sehgal,56,Female,Bhubaneswar,East,baghyawati85@example.org,8349095327,2022-09-23,Premium
CUST0451,Varsha Sheth,25,Male,Chennai,South,imaranvasa@example.net,+911463465097,2022-12-04,Regular
CUST0452,Rachita Mammen,22,Other,Kolkata,East,simonghosh@example.com,+917787234024,2021-11-05,Premium
CUST0453,Maanav D’Alia,45,Male,Bhubaneswar,East,maharajethan@example.org,04570553012,2022-03-06,Regular
CUST0454,Avi Kar,29,Female,Patna,East,ahujabanjeet@example.com,+916185362321,2022-06-26,Regular
CUST0455,Sara Narang,45,Other,Delhi,North,hpatla@example.net,+916484589163,2022-01-15,Regular
CUST0456,Girindra Dutta,44,Male,Chennai,South,pallaekanta@example.net,+910031210457,2021-03-19,Regular
CUST0457,Amruta Gour,59,Other,Bengaluru,South,routcaleb@example.org,+915190807377,2021-03-23,Premium
CUST0458,Vyanjana Thaman,37,Other,Chennai,South,divya56@example.net,07563132661,2021-02-11,Regular
CUST0459,Vidhi Kari,33,Female,Surat,West,patlabhavini@example.com,07148082308,2021-11-28,Occasional
CUST0460,Zaitra Basak,44,Female,Kochi,South,isane@example.net,7720070888,2022-02-24,Regular
CUST0461,Rushil Kakar,27,Male,Hyderabad,South,dayamai59@example.com,+911679394719,2021-07-28,Regular
CUST0462,Tarak Chadha,57,Female,Lucknow,North,sanitara@example.org,+914366290981,2021-09-17,Premium
CUST0463,Banjeet Gour,22,Female,Pune,West,kondaabeer@example.org,7249020849,2022-10-06,Regular
CUST0464,Chandresh Dasgupta,43,Female,Mumbai,West,dalalwyatt@example.org,00291144876,2021-01-30,Regular
CUST0465,Xalak Kari,49,Male,Patna,East,fshetty@example.org,9558073814,2022-12-17,Premium
CUST0466,Inaya Cherian,46,Female,Ahmedabad,West,bainsjyoti@example.com,9284977818,2022-09-08,Premium
CUST0467,Deepa Pandit,59,Female,Pune,West,baljiwan54@example.net,4910694047,2022-04-21,Premium
CUST0468,Mason Bahl,23,Male,Chandigarh,North,thakurabeer@example.org,+915974698668,2021-03-17,Regular
CUST0469,Brinda Doshi,36,Female,Kochi,South,cbera@example.com,04371944639,2022-12-20,Regular
CUST0470,Kabir Tripathi,44,Male,Mumbai,West,harishsood@example.com,1827290639,2022-07-03,Occasional
CUST0471,Deepa Borde,47,Female,Mumbai,West,gautam85@example.org,+918175481678,2021-07-30,Premium
CUST0472,Ekaraj Mane,54,Other,Lucknow,North,jyoti01@example.com,9981149417,2021-04-22,Premium
CUST0473,Ranbir Jha,22,Male,Pune,West,oeshi79@example.com,04278856405,2022-12-31,Regular
CUST0474,Tanay Basak,62,Other,Ahmedabad,West,vyanjanashukla@example.org,+912878274202,2021-08-29,Premium
CUST0475,Jhalak Kunda,51,Female,Lucknow,North,shravya33@example.org,0417952244,2022-12-30,Premium
CUST0476,Aachal Mukherjee,51,Female,Bhubaneswar,East,lavanyavenkataraman@example.net,09378874873,2022-10-29,Premium
CUST0477,Teerth Bobal,34,Other,Patna,East,nnarain@example.org,03431828232,2021-02-04,Occasional
CUST0478,Ubika Sampath,36,Female,Mumbai,West,bina45@example.net,00583783264,2022-04-02,Regular
CUST0479,Janya Walia,51,Female,Pune,West,varsharadhakrishnan@example.org,+919365489598,2021-05-06,Premium
CUST0480,Ranveer Gour,55,Female,Hyderabad,South,rachitanand@example.org,4218558364,2021-03-10,Premium
CUST0481,Warjas Vala,36,Male,Mumbai,West,banerjeeodika@example.com,+915678538308,2022-04-23,Regular
CUST0482,Priya Batta,58,Male,Kochi,South,udyati01@example.com,5715044459,2021-07-29,Premium
CUST0483,Deepa Tara,56,Male,Ranchi,East,mmani@example.net,2533068314,2021-07-03,Premium
CUST0484,Yug Srivastava,37,Other,Mumbai,West,jsheth@example.com,04989624442,2022-05-27,Occasional
CUST0485,Om Seth,38,Female,Nagpur,West,pjha@example.org,00977138630,2022-11-05,Regular
CUST0486,Nathan Loke,33,Female,Jaipur,North,wyatt23@example.net,4739846552,2022-05-30,Occasional
CUST0487,Urvi Johal,53,Other,Ahmedabad,West,hchandran@example.net,9524322657,2022-06-07,Premium
CUST0488,Lucky Butala,45,Male,Guwahati,East,ndalia@example.org,+916906246336,2022-12-15,Regular
CUST0489,Xavier Bawa,62,Female,Surat,West,dalbirthaker@example.com,+911425548291,2022-11-18,Premium
CUST0490,Rajata Suresh,36,Female,Chennai,South,robert19@example.net,00918476557,2021-02-08,Regular
CUST0491,Kashish Sarkar,51,Male,Surat,West,jasonpalla@example.net,09372114703,2022-08-14,Premium
CUST0492,Pranav Gala,48,Male,Coimbatore,South,ladlikhanna@example.com,+911915482687,2022-09-27,Premium
CUST0493,Lakshit Vaidya,26,Male,Lucknow,North,azaan61@example.net,00274884251,2022-09-20,Occasional
CUST0494,Turvi Bahl,40,Other,Pune,West,chandran46@example.com,08376312605,2022-06-17,Regular
CUST0495,Chanchal Golla,32,Female,Amritsar,North,majumdarhenry@example.org,8938650858,2022-11-25,Premium
CUST0496,Gunbir Sidhu,28,Male,Lucknow,North,abdulpillay@example.org,0387306762,2022-09-18,Regular
CUST0497,Sai Desai,42,Male,Pune,West,masonsuri@example.net,02698066764,2021-06-24,Regular
CUST0498,Isaac Sha,59,Other,Hyderabad,South,dkumer@example.org,4900323081,2021-10-18,Premium
CUST0499,Shivansh Walia,41,Female,Pune,West,pmenon@example.org,3811353960,2022-03-14,Regular
CUST0500,Pooja Mand,52,Male,Kochi,South,zansimane@example.net,06693060167,2022-06-02,Premium
