Return_ID,Order_ID,Customer_ID,Return_Date,Category,Return_Reason,Refund_Amount,Status
RET00001,ORD008764,CUST0053,2023-04-30,Furniture,Better price elsewhere,12750.34,Approved
RET00002,ORD006539,CUST0007,2023-12-07,Sports,Defective product,12315.37,Pending
RET00003,ORD010167,CUST0392,2023-07-04,Toys,Wrong item delivered,2803.06,Approved
RET00004,ORD002169,CUST0412,2023-08-26,Groceries,Defective product,2544.51,Approved
RET00005,ORD003149,CUST0329,2023-02-18,Toys,Damaged packaging,12307.87,Rejected
RET00006,ORD003984,CUST0191,2023-02-13,Electronics,Product not as described,170927.33,Approved
RET00007,ORD001323,CUST0102,2023-02-04,Groceries,Product not as described,1505.16,Rejected
RET00008,ORD004713,CUST0372,2023-04-17,Sports,Wrong item delivered,15697.88,Pending
RET00009,ORD002262,CUST0251,2023-12-28,Sports,Defective product,14341.51,Pending
RET00010,ORD008264,CUST0273,2023-06-14,Sports,Defective product,895.61,Pending
RET00011,ORD011710,CUST0385,2023-09-12,Electronics,Size mismatch,93469.65,Approved
RET00012,ORD002109,CUST0393,2023-12-23,Sports,Changed mind,9203.28,Pending
RET00013,ORD004444,CUST0349,2023-01-18,Groceries,Wrong item delivered,2006.44,Approved
RET00014,ORD003449,CUST0034,2023-05-20,Books,Defective product,967.58,Approved
RET00015,ORD005539,CUST0254,2023-12-27,Groceries,Better price elsewhere,1074.11,Rejected
RET00016,ORD006370,CUST0304,2023-02-05,Clothing,Late delivery,4332.38,Rejected
RET00017,ORD008636,CUST0498,2023-11-29,Groceries,Changed mind,3552.39,Pending
RET00018,ORD007043,CUST0313,2023-04-27,Sports,Late delivery,20770.97,Rejected
RET00019,ORD008550,CUST0201,2023-05-22,Clothing,Better price elsewhere,13198.84,Approved
RET00020,ORD010765,CUST0074,2023-06-09,Furniture,Defective product,34503.68,Approved
RET00021,ORD001066,CUST0212,2024-01-03,Sports,Size mismatch,17652.87,Approved
RET00022,ORD003071,CUST0336,2023-04-29,Groceries,Damaged packaging,3239.63,Approved
RET00023,ORD004463,CUST0267,2023-04-26,Clothing,Wrong item delivered,13697.51,Approved
RET00024,ORD006982,CUST0307,2023-05-12,Books,Changed mind,1264.1,Pending
RET00025,ORD003446,CUST0492,2023-09-16,Groceries,Better price elsewhere,2047.64,Rejected
RET00026,ORD009748,CUST0407,2023-11-21,Groceries,Wrong item delivered,1009.27,Rejected
RET00027,ORD007988,CUST0312,2023-02-10,Furniture,Late delivery,20113.7,Rejected
RET00028,ORD010609,CUST0173,2023-12-02,Clothing,Size mismatch,1777.35,Rejected
RET00029,ORD010892,CUST0329,2023-02-11,Groceries,Better price elsewhere,965.6,Approved
RET00030,ORD008698,CUST0404,2024-01-10,Clothing,Changed mind,3869.47,Rejected
RET00031,ORD003289,CUST0018,2024-01-20,Groceries,Better price elsewhere,427.59,Approved
RET00032,ORD004720,CUST0389,2023-09-07,Electronics,Product not as described,39095.05,Pending
RET00033,ORD007569,CUST0206,2023-02-19,Groceries,Wrong item delivered,3266.09,Approved
RET00034,ORD007439,CUST0489,2023-09-30,Groceries,Damaged packaging,1932.01,Rejected
RET00035,ORD008293,CUST0223,2023-06-14,Electronics,Changed mind,28897.25,Rejected
RET00036,ORD010984,CUST0233,2023-06-08,Furniture,Changed mind,40430.99,Approved
RET00037,ORD007935,CUST0421,2023-01-16,Clothing,Better price elsewhere,2728.61,Approved
RET00038,ORD007955,CUST0004,2023-09-13,Clothing,Better price elsewhere,3656.53,Pending
RET00039,ORD011864,CUST0186,2023-08-31,Groceries,Damaged packaging,333.31,Approved
RET00040,ORD011293,CUST0445,2023-11-21,Groceries,Late delivery,1128.85,Pending
RET00041,ORD000069,CUST0226,2023-07-09,Electronics,Defective product,121840.65,Approved
RET00042,ORD001015,CUST0176,2023-05-16,Groceries,Size mismatch,1682.73,Approved
RET00043,ORD001487,CUST0307,2023-04-23,Groceries,Size mismatch,1724.6,Pending
RET00044,ORD009637,CUST0025,2023-06-20,Groceries,Better price elsewhere,3279.35,Approved
RET00045,ORD007493,CUST0443,2023-10-19,Furniture,Better price elsewhere,20968.16,Approved
RET00046,ORD010205,CUST0229,2023-06-03,Toys,Wrong item delivered,445.98,Rejected
RET00047,ORD005115,CUST0203,2023-01-25,Electronics,Better price elsewhere,17238.07,Approved
RET00048,ORD009581,CUST0172,2023-05-21,Electronics,Product not as described,64028.81,Approved
RET00049,ORD010381,CUST0393,2023-05-06,Electronics,Defective product,25265.97,Approved
RET00050,ORD011141,CUST0260,2023-11-01,Groceries,Defective product,427.51,Rejected
RET00051,ORD007666,CUST0298,2023-04-12,Books,Better price elsewhere,1590.96,Approved
RET00052,ORD010992,CUST0099,2023-09-21,Furniture,Product not as described,6917.88,Approved
RET00053,ORD001107,CUST0289,2023-11-26,Electronics,Wrong item delivered,48908.58,Approved
RET00054,ORD011723,CUST0475,2023-04-02,Sports,Better price elsewhere,18389.73,Pending
RET00055,ORD002588,CUST0040,2023-08-14,Clothing,Size mismatch,7871.37,Rejected
RET00056,ORD001320,CUST0239,2023-12-26,Groceries,Product not as described,3348.83,Approved
RET00057,ORD001016,CUST0154,2023-04-11,Toys,Defective product,4337.4,Rejected
RET00058,ORD005282,CUST0402,2023-01-22,Toys,Wrong item delivered,3435.91,Rejected
RET00059,ORD005892,CUST0448,2024-01-26,Toys,Wrong item delivered,4709.81,Pending
RET00060,ORD006035,CUST0433,2023-02-12,Sports,Size mismatch,1313.17,Rejected
RET00061,ORD007707,CUST0119,2023-07-20,Electronics,Wrong item delivered,44285.64,Approved
RET00062,ORD002852,CUST0268,2023-04-29,Electronics,Late delivery,187792.9,Approved
RET00063,ORD000302,CUST0388,2023-09-18,Sports,Changed mind,4797.57,Approved
RET00064,ORD008582,CUST0454,2023-08-07,Electronics,Product not as described,123039.61,Rejected
RET00065,ORD002105,CUST0295,2023-04-18,Electronics,Size mismatch,130588.86,Pending
RET00066,ORD009945,CUST0244,2023-12-20,Groceries,Defective product,1917.28,Rejected
RET00067,ORD009597,CUST0275,2023-03-03,Groceries,Better price elsewhere,557.36,Rejected
RET00068,ORD000110,CUST0144,2023-02-23,Books,Changed mind,688.54,Pending
RET00069,ORD009493,CUST0309,2023-06-26,Books,Defective product,740.67,Approved
RET00070,ORD005755,CUST0002,2023-10-16,Furniture,Defective product,67175.75,Approved
RET00071,ORD001196,CUST0044,2023-07-26,Sports,Product not as described,4197.4,Pending
RET00072,ORD009246,CUST0409,2023-09-15,Electronics,Late delivery,223022.92,Pending
RET00073,ORD009527,CUST0228,2023-07-19,Sports,Defective product,3229.71,Approved
RET00074,ORD000752,CUST0317,2023-04-08,Clothing,Late delivery,6638.52,Approved
RET00075,ORD000334,CUST0207,2023-02-09,Groceries,Size mismatch,1338.48,Rejected
RET00076,ORD009631,CUST0008,2024-01-13,Electronics,Size mismatch,201285.31,Approved
RET00077,ORD007544,CUST0316,2023-03-21,Clothing,Damaged packaging,2634.07,Approved
RET00078,ORD007954,CUST0163,2023-09-29,Toys,Defective product,1437.32,Pending
RET00079,ORD006139,CUST0145,2023-09-07,Books,Defective product,1142.08,Rejected
RET00080,ORD011158,CUST0019,2023-11-15,Sports,Product not as described,9254.17,Approved
RET00081,ORD004779,CUST0399,2023-03-25,Sports,Product not as described,17383.56,Approved
RET00082,ORD003829,CUST0446,2023-12-14,Electronics,Size mismatch,9692.84,Rejected
RET00083,ORD001276,CUST0109,2023-03-31,Groceries,Late delivery,1388.41,Approved
RET00084,ORD007579,CUST0258,2023-08-06,Sports,Late delivery,391.41,Pending
RET00085,ORD003103,CUST0194,2023-03-02,Clothing,Defective product,3644.65,Pending
RET00086,ORD008806,CUST0249,2023-05-21,Toys,Wrong item delivered,9574.37,Approved
RET00087,ORD011061,CUST0385,2023-10-19,Books,Damaged packaging,2131.48,Approved
RET00088,ORD003511,CUST0187,2023-06-04,Toys,Late delivery,7159.27,Rejected
RET00089,ORD000937,CUST0218,2023-03-13,Groceries,Wrong item delivered,132.35,Rejected
RET00090,ORD011788,CUST0230,2023-05-05,Groceries,Wrong item delivered,927.85,Approved
RET00091,ORD007796,CUST0350,2023-09-24,Electronics,Product not as described,16829.26,Approved
RET00092,ORD000764,CUST0057,2023-11-25,Books,Size mismatch,299.15,Approved
RET00093,ORD002312,CUST0352,2023-04-14,Electronics,Damaged packaging,230167.21,Pending
RET00094,ORD005891,CUST0026,2023-05-08,Groceries,Product not as described,4583.29,Pending
RET00095,ORD011240,CUST0396,2023-09-28,Sports,Product not as described,5291.38,Pending
RET00096,ORD010602,CUST0337,2023-03-21,Groceries,Late delivery,448.45,Approved
RET00097,ORD008950,CUST0421,2023-02-10,Groceries,Product not as described,1014.7,Rejected
RET00098,ORD011578,CUST0378,2023-06-12,Sports,Product not as described,1266.08,Pending
RET00099,ORD003730,CUST0279,2023-03-22,Electronics,Changed mind,88478.48,Approved
RET00100,ORD011470,CUST0065,2023-12-07,Sports,Changed mind,3420.73,Rejected
RET00101,ORD004569,CUST0339,2023-12-18,Groceries,Damaged packaging,1190.65,Approved
RET00102,ORD005805,CUST0467,2023-10-07,Clothing,Late delivery,10640.4,Approved
RET00103,ORD005253,CUST0364,2023-09-21,Groceries,Changed mind,1604.8,Approved
RET00104,ORD008484,CUST0336,2023-11-22,Toys,Defective product,2113.68,Pending
RET00105,ORD005788,CUST0196,2023-05-15,Furniture,Damaged packaging,46220.01,Pending
RET00106,ORD000290,CUST0316,2023-09-27,Books,Wrong item delivered,3210.74,Approved
RET00107,ORD005797,CUST0022,2023-03-25,Electronics,Size mismatch,48581.27,Rejected
RET00108,ORD010382,CUST0301,2023-04-15,Books,Defective product,1513.17,Pending
RET00109,ORD009390,CUST0138,2023-11-09,Toys,Defective product,5258.56,Rejected
RET00110,ORD003382,CUST0297,2023-08-10,Clothing,Wrong item delivered,6995.17,Approved
RET00111,ORD007044,CUST0167,2023-10-25,Furniture,Product not as described,58049.87,Pending
RET00112,ORD004500,CUST0103,2023-08-07,Toys,Better price elsewhere,4850.21,Rejected
RET00113,ORD003192,CUST0296,2023-08-23,Clothing,Product not as described,2675.93,Approved
RET00114,ORD002491,CUST0393,2023-03-17,Sports,Changed mind,2707.45,Rejected
RET00115,ORD000789,CUST0161,2023-07-02,Electronics,Better price elsewhere,37430.02,Pending
RET00116,ORD007036,CUST0488,2023-03-20,Electronics,Product not as described,46883.78,Approved
RET00117,ORD007562,CUST0396,2023-03-08,Electronics,Better price elsewhere,55132.48,Pending
RET00118,ORD008415,CUST0164,2023-05-20,Clothing,Product not as described,241.65,Approved
RET00119,ORD004104,CUST0055,2023-08-28,Sports,Damaged packaging,2428.7,Pending
RET00120,ORD006645,CUST0450,2023-08-05,Sports,Late delivery,17510.84,Approved
RET00121,ORD010335,CUST0253,2023-04-13,Groceries,Product not as described,2495.53,Approved
RET00122,ORD011167,CUST0490,2023-03-11,Electronics,Changed mind,88171.17,Approved
RET00123,ORD003972,CUST0132,2023-06-25,Groceries,Wrong item delivered,914.45,Pending
RET00124,ORD007335,CUST0186,2023-12-05,Groceries,Product not as described,1764.39,Pending
RET00125,ORD001829,CUST0072,2023-05-31,Clothing,Product not as described,11008.4,Pending
RET00126,ORD006592,CUST0058,2023-06-25,Sports,Late delivery,4321.53,Pending
RET00127,ORD006364,CUST0337,2023-02-04,Electronics,Product not as described,57153.89,Rejected
RET00128,ORD005174,CUST0383,2023-07-08,Clothing,Damaged packaging,7614.2,Pending
RET00129,ORD004922,CUST0154,2024-01-09,Groceries,Defective product,493.97,Rejected
RET00130,ORD005062,CUST0451,2023-11-13,Sports,Defective product,324.87,Approved
RET00131,ORD010312,CUST0277,2023-09-07,Clothing,Wrong item delivered,12326.74,Approved
RET00132,ORD004581,CUST0272,2023-07-08,Clothing,Changed mind,8317.53,Rejected
RET00133,ORD011256,CUST0459,2023-05-10,Clothing,Better price elsewhere,6976.33,Pending
RET00134,ORD010699,CUST0301,2023-07-31,Clothing,Changed mind,1355.45,Pending
RET00135,ORD000407,CUST0452,2023-04-01,Furniture,Defective product,25527.75,Pending
RET00136,ORD005029,CUST0137,2023-10-12,Toys,Late delivery,6493.95,Approved
RET00137,ORD002518,CUST0254,2023-11-03,Groceries,Late delivery,413.93,Pending
RET00138,ORD005447,CUST0108,2023-03-02,Sports,Damaged packaging,9616.94,Pending
RET00139,ORD009739,CUST0073,2023-02-07,Clothing,Product not as described,11834.9,Rejected
RET00140,ORD009922,CUST0470,2023-04-30,Clothing,Size mismatch,5217.48,Rejected
RET00141,ORD009810,CUST0210,2023-10-11,Groceries,Changed mind,223.45,Approved
RET00142,ORD004210,CUST0281,2023-02-12,Electronics,Defective product,212082.02,Pending
RET00143,ORD010135,CUST0008,2023-07-11,Groceries,Damaged packaging,1498.55,Approved
RET00144,ORD002894,CUST0270,2023-07-18,Books,Wrong item delivered,829.87,Pending
RET00145,ORD011575,CUST0022,2023-10-26,Groceries,Late delivery,2516.12,Pending
RET00146,ORD008741,CUST0209,2023-03-22,Clothing,Damaged packaging,4013.79,Approved
RET00147,ORD000123,CUST0274,2023-04-03,Sports,Damaged packaging,11661.98,Rejected
RET00148,ORD006514,CUST0438,2023-10-09,Clothing,Late delivery,3650.42,Approved
RET00149,ORD005425,CUST0483,2023-09-08,Clothing,Better price elsewhere,1211.78,Approved
RET00150,ORD010429,CUST0140,2023-11-28,Groceries,Defective product,463.94,Approved
RET00151,ORD010261,CUST0289,2024-01-17,Groceries,Size mismatch,3083.91,Pending
RET00152,ORD010318,CUST0120,2023-05-09,Groceries,Damaged packaging,1110.26,Approved
RET00153,ORD000376,CUST0054,2023-04-02,Electronics,Changed mind,212052.92,Approved
RET00154,ORD006930,CUST0330,2023-10-08,Sports,Late delivery,17072.11,Approved
RET00155,ORD010700,CUST0312,2023-07-31,Furniture,Wrong item delivered,11687.01,Rejected
RET00156,ORD007045,CUST0159,2023-04-17,Clothing,Late delivery,4333.59,Approved
RET00157,ORD005002,CUST0101,2023-02-05,Toys,Changed mind,1097.25,Approved
RET00158,ORD005729,CUST0123,2023-06-20,Groceries,Product not as described,1357.51,Approved
RET00159,ORD008285,CUST0201,2023-10-27,Books,Better price elsewhere,1975.64,Approved
RET00160,ORD003373,CUST0013,2023-08-27,Clothing,Late delivery,11939.02,Pending
RET00161,ORD011934,CUST0128,2023-09-14,Electronics,Size mismatch,19993.62,Approved
RET00162,ORD011508,CUST0257,2023-04-20,Groceries,Product not as described,3410.02,Rejected
RET00163,ORD000682,CUST0041,2023-08-29,Toys,Better price elsewhere,3024.88,Approved
RET00164,ORD003444,CUST0217,2023-12-19,Clothing,Late delivery,421.73,Pending
RET00165,ORD009893,CUST0171,2023-06-25,Groceries,Size mismatch,1582.0,Rejected
RET00166,ORD011584,CUST0392,2023-10-04,Electronics,Product not as described,67935.3,Rejected
RET00167,ORD004420,CUST0283,2023-05-23,Electronics,Late delivery,15710.58,Approved
RET00168,ORD002751,CUST0252,2023-04-20,Toys,Size mismatch,5202.93,Rejected
RET00169,ORD005965,CUST0452,2023-01-08,Clothing,Wrong item delivered,11329.18,Pending
RET00170,ORD005304,CUST0396,2023-11-10,Electronics,Size mismatch,226971.59,Rejected
RET00171,ORD007275,CUST0393,2023-08-21,Groceries,Product not as described,227.54,Approved
RET00172,ORD006140,CUST0346,2023-08-24,Groceries,Defective product,2001.44,Approved
RET00173,ORD001844,CUST0406,2023-04-26,Groceries,Changed mind,3257.78,Rejected
RET00174,ORD010518,CUST0481,2023-07-30,Groceries,Defective product,1025.5,Approved
RET00175,ORD005881,CUST0465,2023-06-14,Groceries,Changed mind,1082.09,Pending
RET00176,ORD009802,CUST0203,2023-03-14,Groceries,Damaged packaging,841.95,Approved
RET00177,ORD006202,CUST0383,2023-12-02,Furniture,Defective product,45544.09,Pending
RET00178,ORD004281,CUST0008,2023-06-10,Furniture,Size mismatch,26437.56,Approved
RET00179,ORD011937,CUST0429,2023-10-04,Toys,Product not as described,2661.57,Pending
RET00180,ORD000915,CUST0065,2023-08-13,Books,Size mismatch,837.32,Rejected
RET00181,ORD004954,CUST0483,2023-03-25,Toys,Better price elsewhere,6254.93,Approved
RET00182,ORD002859,CUST0383,2023-12-28,Clothing,Changed mind,1239.09,Pending
RET00183,ORD010105,CUST0279,2023-08-13,Electronics,Changed mind,51715.79,Approved
RET00184,ORD004239,CUST0379,2023-10-12,Clothing,Damaged packaging,3719.05,Pending
RET00185,ORD006872,CUST0057,2023-07-19,Clothing,Product not as described,13504.17,Rejected
RET00186,ORD011248,CUST0345,2024-01-20,Clothing,Damaged packaging,920.61,Pending
RET00187,ORD011356,CUST0086,2023-12-17,Electronics,Defective product,256061.62,Approved
RET00188,ORD003124,CUST0396,2023-08-07,Furniture,Wrong item delivered,43328.02,Rejected
RET00189,ORD009344,CUST0175,2023-04-09,Groceries,Product not as described,796.6,Rejected
RET00190,ORD006155,CUST0205,2023-06-20,Books,Late delivery,1640.46,Pending
RET00191,ORD003438,CUST0468,2023-10-15,Groceries,Changed mind,705.03,Pending
RET00192,ORD004249,CUST0400,2023-11-10,Groceries,Damaged packaging,636.97,Approved
RET00193,ORD009543,CUST0418,2023-09-21,Groceries,Wrong item delivered,961.21,Pending
RET00194,ORD010522,CUST0320,2023-03-05,Clothing,Size mismatch,4601.79,Approved
RET00195,ORD003120,CUST0499,2023-10-12,Sports,Defective product,23927.4,Rejected
RET00196,ORD011574,CUST0090,2023-01-19,Toys,Late delivery,8019.98,Pending
RET00197,ORD011760,CUST0454,2023-07-05,Furniture,Better price elsewhere,30560.46,Approved
RET00198,ORD011897,CUST0377,2023-06-08,Groceries,Size mismatch,891.25,Pending
RET00199,ORD000070,CUST0040,2023-10-29,Groceries,Changed mind,3345.3,Approved
RET00200,ORD006276,CUST0430,2023-04-19,Sports,Changed mind,6552.99,Rejected
RET00201,ORD004584,CUST0249,2023-12-31,Furniture,Wrong item delivered,65151.09,Approved
RET00202,ORD011836,CUST0171,2023-11-21,Furniture,Wrong item delivered,7845.89,Approved
RET00203,ORD011077,CUST0175,2023-06-27,Electronics,Better price elsewhere,17586.79,Rejected
RET00204,ORD009280,CUST0466,2023-05-31,Toys,Product not as described,3140.39,Rejected
RET00205,ORD001782,CUST0367,2023-04-14,Groceries,Wrong item delivered,2602.22,Approved
RET00206,ORD011340,CUST0452,2023-03-01,Clothing,Damaged packaging,8043.37,Approved
RET00207,ORD004773,CUST0450,2024-01-02,Electronics,Late delivery,169607.35,Rejected
RET00208,ORD005209,CUST0010,2023-11-30,Clothing,Late delivery,1452.93,Rejected
RET00209,ORD005031,CUST0111,2023-04-21,Clothing,Better price elsewhere,2084.25,Pending
RET00210,ORD007549,CUST0448,2023-09-18,Sports,Changed mind,3240.0,Approved
RET00211,ORD002822,CUST0216,2023-11-04,Electronics,Size mismatch,234584.01,Approved
RET00212,ORD003234,CUST0143,2023-02-24,Sports,Wrong item delivered,3227.22,Pending
RET00213,ORD005242,CUST0126,2023-10-03,Groceries,Wrong item delivered,921.87,Pending
RET00214,ORD005522,CUST0446,2024-01-08,Groceries,Size mismatch,3913.57,Approved
RET00215,ORD000096,CUST0314,2023-09-12,Clothing,Wrong item delivered,1576.05,Pending
RET00216,ORD003894,CUST0138,2023-12-30,Furniture,Better price elsewhere,25889.9,Rejected
RET00217,ORD008604,CUST0186,2023-04-24,Books,Changed mind,3552.06,Approved
RET00218,ORD001504,CUST0224,2023-11-11,Clothing,Late delivery,3124.14,Approved
RET00219,ORD002194,CUST0451,2023-08-05,Electronics,Damaged packaging,78685.19,Pending
RET00220,ORD003559,CUST0238,2023-12-28,Toys,Defective product,1983.58,Pending
RET00221,ORD005566,CUST0331,2023-05-09,Clothing,Changed mind,9398.92,Rejected
RET00222,ORD008385,CUST0240,2023-11-22,Toys,Wrong item delivered,4090.28,Pending
RET00223,ORD005648,CUST0140,2024-01-14,Clothing,Changed mind,2139.91,Pending
RET00224,ORD003904,CUST0500,2024-01-01,Groceries,Wrong item delivered,1211.66,Approved
RET00225,ORD000113,CUST0244,2023-10-29,Sports,Better price elsewhere,1464.76,Pending
RET00226,ORD006730,CUST0496,2023-10-19,Toys,Damaged packaging,1459.31,Pending
RET00227,ORD002572,CUST0047,2023-12-22,Groceries,Wrong item delivered,5557.74,Pending
RET00228,ORD006042,CUST0081,2023-04-05,Clothing,Better price elsewhere,14760.31,Rejected
RET00229,ORD011087,CUST0435,2023-06-18,Groceries,Damaged packaging,2308.33,Pending
RET00230,ORD010530,CUST0330,2023-09-21,Furniture,Wrong item delivered,46901.77,Pending
RET00231,ORD007914,CUST0193,2023-03-26,Furniture,Changed mind,7791.95,Approved
RET00232,ORD010010,CUST0214,2023-02-17,Sports,Size mismatch,15062.58,Approved
RET00233,ORD004847,CUST0308,2023-04-16,Electronics,Product not as described,114664.19,Approved
RET00234,ORD002111,CUST0199,2023-09-14,Sports,Better price elsewhere,3201.81,Approved
RET00235,ORD002538,CUST0100,2023-09-06,Furniture,Wrong item delivered,29423.53,Approved
RET00236,ORD000689,CUST0266,2023-06-28,Toys,Wrong item delivered,2905.23,Pending
RET00237,ORD000519,CUST0095,2023-08-18,Furniture,Late delivery,19484.4,Rejected
RET00238,ORD005488,CUST0259,2023-04-07,Groceries,Wrong item delivered,116.85,Approved
RET00239,ORD000286,CUST0432,2023-05-08,Sports,Changed mind,19989.57,Approved
RET00240,ORD001985,CUST0448,2023-04-13,Electronics,Product not as described,68362.02,Approved
RET00241,ORD009548,CUST0326,2023-05-11,Groceries,Changed mind,1760.32,Approved
RET00242,ORD007638,CUST0406,2023-02-07,Toys,Damaged packaging,10957.25,Rejected
RET00243,ORD009635,CUST0281,2023-11-01,Electronics,Wrong item delivered,83090.16,Pending
RET00244,ORD004140,CUST0497,2023-11-20,Clothing,Wrong item delivered,6788.13,Approved
RET00245,ORD007788,CUST0489,2023-12-04,Clothing,Changed mind,780.67,Approved
RET00246,ORD007535,CUST0327,2023-09-13,Groceries,Size mismatch,1034.19,Rejected
RET00247,ORD005338,CUST0057,2023-09-06,Groceries,Better price elsewhere,1981.93,Approved
RET00248,ORD009150,CUST0403,2023-09-09,Books,Better price elsewhere,1413.81,Pending
RET00249,ORD005728,CUST0253,2023-07-12,Sports,Damaged packaging,1254.9,Rejected
RET00250,ORD001256,CUST0411,2023-01-29,Sports,Damaged packaging,17598.88,Approved
RET00251,ORD000204,CUST0346,2023-02-01,Sports,Late delivery,5631.96,Pending
RET00252,ORD010498,CUST0067,2023-07-07,Electronics,Better price elsewhere,92901.81,Approved
RET00253,ORD001403,CUST0113,2023-05-30,Electronics,Changed mind,21293.81,Rejected
RET00254,ORD000459,CUST0400,2023-06-05,Electronics,Size mismatch,51719.16,Approved
RET00255,ORD003458,CUST0485,2023-08-14,Clothing,Changed mind,4999.0,Approved
RET00256,ORD004754,CUST0011,2023-04-05,Clothing,Size mismatch,5023.36,Approved
RET00257,ORD004594,CUST0499,2024-01-08,Groceries,Changed mind,2547.6,Approved
RET00258,ORD009205,CUST0214,2023-07-15,Electronics,Defective product,53988.0,Approved
RET00259,ORD010034,CUST0063,2023-10-30,Clothing,Product not as described,1363.3,Pending
RET00260,ORD005519,CUST0302,2023-12-19,Furniture,Defective product,41995.15,Rejected
RET00261,ORD008900,CUST0385,2023-11-19,Furniture,Product not as described,22695.36,Approved
RET00262,ORD005075,CUST0214,2023-01-10,Sports,Changed mind,18105.41,Approved
RET00263,ORD005977,CUST0294,2023-10-20,Clothing,Defective product,14381.36,Approved
RET00264,ORD011353,CUST0017,2023-11-11,Groceries,Defective product,286.97,Approved
RET00265,ORD002581,CUST0298,2023-11-19,Toys,Late delivery,1214.88,Approved
RET00266,ORD011124,CUST0452,2023-08-24,Furniture,Wrong item delivered,35602.99,Approved
RET00267,ORD005571,CUST0403,2023-05-06,Electronics,Better price elsewhere,52366.83,Pending
RET00268,ORD006519,CUST0127,2024-01-04,Groceries,Damaged packaging,1364.74,Rejected
RET00269,ORD006568,CUST0131,2023-10-18,Electronics,Size mismatch,102806.22,Approved
RET00270,ORD007042,CUST0463,2023-02-03,Electronics,Late delivery,64099.46,Approved
RET00271,ORD002274,CUST0143,2023-04-06,Books,Damaged packaging,1966.23,Pending
RET00272,ORD008363,CUST0022,2023-10-14,Groceries,Better price elsewhere,1532.37,Rejected
RET00273,ORD000870,CUST0227,2023-06-27,Sports,Wrong item delivered,3057.41,Rejected
RET00274,ORD000475,CUST0277,2023-04-19,Groceries,Defective product,2498.59,Approved
RET00275,ORD011764,CUST0113,2023-05-05,Furniture,Late delivery,145387.82,Approved
RET00276,ORD010270,CUST0496,2023-02-06,Clothing,Defective product,280.79,Rejected
RET00277,ORD009775,CUST0177,2024-01-04,Electronics,Wrong item delivered,191396.88,Pending
RET00278,ORD004812,CUST0123,2023-12-19,Groceries,Better price elsewhere,3350.37,Approved
RET00279,ORD006380,CUST0057,2024-01-01,Toys,Damaged packaging,9290.55,Rejected
RET00280,ORD000185,CUST0385,2023-03-12,Sports,Damaged packaging,13206.1,Pending
RET00281,ORD005286,CUST0215,2023-03-12,Groceries,Defective product,1372.66,Approved
RET00282,ORD001009,CUST0368,2023-03-08,Furniture,Wrong item delivered,112526.15,Pending
RET00283,ORD009665,CUST0276,2023-03-28,Clothing,Changed mind,1427.72,Pending
RET00284,ORD010115,CUST0324,2023-03-06,Sports,Damaged packaging,11752.74,Rejected
RET00285,ORD000776,CUST0014,2023-03-05,Groceries,Changed mind,557.06,Rejected
RET00286,ORD005206,CUST0236,2023-10-19,Books,Size mismatch,882.7,Approved
RET00287,ORD000849,CUST0475,2023-12-14,Groceries,Size mismatch,2624.23,Rejected
RET00288,ORD010217,CUST0282,2023-11-01,Clothing,Wrong item delivered,1177.01,Rejected
RET00289,ORD006309,CUST0202,2023-07-10,Sports,Product not as described,3533.65,Rejected
RET00290,ORD005666,CUST0496,2023-05-09,Clothing,Late delivery,18894.28,Pending
RET00291,ORD001878,CUST0305,2024-01-12,Furniture,Late delivery,49418.54,Pending
RET00292,ORD004202,CUST0432,2023-08-08,Clothing,Product not as described,5835.63,Approved
RET00293,ORD005852,CUST0286,2023-05-25,Electronics,Defective product,38943.21,Approved
RET00294,ORD008810,CUST0294,2023-06-11,Electronics,Wrong item delivered,300922.28,Rejected
RET00295,ORD001893,CUST0223,2023-01-12,Groceries,Defective product,818.33,Pending
RET00296,ORD007211,CUST0078,2023-01-29,Electronics,Size mismatch,159117.82,Approved
RET00297,ORD000536,CUST0108,2023-06-10,Clothing,Product not as described,8478.68,Pending
RET00298,ORD001725,CUST0239,2023-11-10,Electronics,Changed mind,106205.44,Rejected
RET00299,ORD007669,CUST0059,2023-04-06,Groceries,Late delivery,1673.4,Rejected
RET00300,ORD004697,CUST0329,2023-04-14,Groceries,Damaged packaging,2944.42,Approved
RET00301,ORD000933,CUST0395,2023-07-01,Clothing,Changed mind,1828.0,Approved
RET00302,ORD007559,CUST0243,2023-07-05,Groceries,Damaged packaging,1049.39,Pending
RET00303,ORD010234,CUST0249,2023-06-15,Clothing,Late delivery,9420.29,Approved
RET00304,ORD004651,CUST0194,2023-07-27,Electronics,Size mismatch,138948.13,Rejected
RET00305,ORD008118,CUST0157,2023-12-21,Clothing,Late delivery,2713.84,Approved
RET00306,ORD001728,CUST0018,2023-08-31,Electronics,Changed mind,112793.23,Approved
RET00307,ORD001336,CUST0271,2023-03-28,Electronics,Late delivery,42647.48,Pending
RET00308,ORD001644,CUST0437,2023-03-27,Books,Defective product,241.99,Pending
RET00309,ORD007846,CUST0077,2023-12-08,Sports,Changed mind,25887.51,Approved
RET00310,ORD000880,CUST0245,2023-04-24,Clothing,Late delivery,393.36,Rejected
RET00311,ORD002757,CUST0204,2023-05-07,Electronics,Changed mind,76320.55,Rejected
RET00312,ORD005653,CUST0473,2023-07-02,Furniture,Changed mind,9525.46,Approved
RET00313,ORD007727,CUST0448,2023-05-17,Furniture,Wrong item delivered,60090.19,Pending
RET00314,ORD004858,CUST0392,2023-12-23,Electronics,Defective product,35171.63,Approved
RET00315,ORD005100,CUST0037,2023-05-16,Furniture,Changed mind,4617.99,Approved
RET00316,ORD005220,CUST0464,2023-09-01,Clothing,Better price elsewhere,13320.73,Approved
RET00317,ORD005735,CUST0467,2023-11-30,Clothing,Size mismatch,4705.54,Pending
RET00318,ORD004730,CUST0497,2023-07-20,Books,Size mismatch,631.26,Pending
RET00319,ORD005022,CUST0481,2023-11-23,Electronics,Size mismatch,52126.9,Approved
RET00320,ORD007487,CUST0026,2023-07-19,Clothing,Better price elsewhere,5175.21,Approved
RET00321,ORD007777,CUST0065,2023-12-31,Clothing,Late delivery,8844.25,Approved
RET00322,ORD006726,CUST0092,2023-03-31,Groceries,Late delivery,2062.32,Rejected
RET00323,ORD004834,CUST0090,2023-04-10,Books,Product not as described,791.5,Approved
RET00324,ORD010751,CUST0412,2023-12-12,Groceries,Changed mind,246.26,Rejected
RET00325,ORD011689,CUST0317,2023-06-30,Toys,Damaged packaging,9214.35,Rejected
RET00326,ORD005377,CUST0128,2023-10-13,Furniture,Better price elsewhere,34355.24,Pending
RET00327,ORD011664,CUST0240,2023-10-23,Books,Late delivery,309.62,Pending
RET00328,ORD000507,CUST0214,2023-02-14,Electronics,Product not as described,10509.46,Pending
RET00329,ORD010007,CUST0413,2023-03-10,Groceries,Defective product,926.53,Approved
RET00330,ORD002307,CUST0353,2023-12-20,Groceries,Wrong item delivered,2909.52,Approved
RET00331,ORD007377,CUST0032,2023-10-16,Electronics,Better price elsewhere,245168.04,Pending
RET00332,ORD002773,CUST0387,2023-07-21,Electronics,Defective product,108239.39,Approved
RET00333,ORD010778,CUST0038,2023-08-09,Groceries,Better price elsewhere,5611.68,Approved
RET00334,ORD003177,CUST0224,2023-10-28,Clothing,Size mismatch,305.24,Approved
RET00335,ORD009785,CUST0252,2023-09-24,Furniture,Changed mind,3412.02,Rejected
RET00336,ORD009250,CUST0158,2023-03-25,Books,Defective product,1605.93,Approved
RET00337,ORD007828,CUST0108,2024-01-07,Groceries,Defective product,1200.58,Rejected
RET00338,ORD007192,CUST0186,2023-10-14,Clothing,Defective product,1712.02,Approved
RET00339,ORD002006,CUST0284,2023-03-13,Clothing,Damaged packaging,9274.03,Approved
RET00340,ORD000667,CUST0281,2023-04-16,Groceries,Defective product,654.4,Approved
RET00341,ORD003636,CUST0499,2023-04-08,Sports,Damaged packaging,2258.09,Pending
RET00342,ORD011310,CUST0434,2023-10-10,Toys,Better price elsewhere,7880.32,Approved
RET00343,ORD007821,CUST0012,2023-02-03,Electronics,Wrong item delivered,25667.34,Pending
RET00344,ORD011916,CUST0499,2023-12-04,Clothing,Late delivery,9105.33,Rejected
RET00345,ORD002093,CUST0320,2023-12-08,Electronics,Defective product,18448.26,Approved
RET00346,ORD009520,CUST0205,2024-01-10,Books,Wrong item delivered,2337.78,Approved
RET00347,ORD011564,CUST0463,2023-02-19,Furniture,Product not as described,3149.73,Rejected
RET00348,ORD000662,CUST0237,2024-01-21,Groceries,Better price elsewhere,1941.78,Approved
RET00349,ORD008834,CUST0003,2023-09-20,Books,Late delivery,1538.9,Rejected
RET00350,ORD004357,CUST0196,2023-09-27,Clothing,Defective product,2868.56,Pending
RET00351,ORD010733,CUST0398,2023-09-04,Toys,Late delivery,3344.42,Approved
RET00352,ORD007577,CUST0020,2023-04-27,Groceries,Wrong item delivered,1011.66,Rejected
RET00353,ORD007012,CUST0083,2023-11-23,Clothing,Product not as described,2635.19,Approved
RET00354,ORD001076,CUST0069,2023-10-11,Clothing,Late delivery,18279.77,Rejected
RET00355,ORD002744,CUST0111,2023-08-04,Sports,Wrong item delivered,18665.71,Approved
RET00356,ORD000066,CUST0269,2023-04-16,Electronics,Late delivery,112585.65,Approved
RET00357,ORD010823,CUST0128,2023-09-26,Clothing,Product not as described,14724.06,Pending
RET00358,ORD007189,CUST0478,2023-05-15,Clothing,Wrong item delivered,4229.59,Pending
RET00359,ORD008712,CUST0273,2023-03-25,Toys,Defective product,11121.62,Rejected
RET00360,ORD008253,CUST0323,2023-10-27,Toys,Late delivery,1687.53,Approved
RET00361,ORD008384,CUST0171,2023-04-17,Books,Better price elsewhere,2293.79,Approved
RET00362,ORD003064,CUST0010,2023-11-27,Sports,Product not as described,9531.59,Approved
RET00363,ORD009165,CUST0351,2023-03-11,Electronics,Product not as described,154989.21,Approved
RET00364,ORD000036,CUST0131,2023-12-16,Furniture,Late delivery,91260.03,Rejected
RET00365,ORD007354,CUST0094,2023-05-20,Clothing,Late delivery,5434.05,Approved
RET00366,ORD004774,CUST0363,2023-11-10,Furniture,Better price elsewhere,2871.75,Approved
RET00367,ORD003471,CUST0269,2023-11-12,Sports,Size mismatch,2730.76,Pending
RET00368,ORD009894,CUST0289,2023-01-24,Clothing,Late delivery,3682.37,Approved
RET00369,ORD008530,CUST0345,2023-07-01,Furniture,Defective product,64070.2,Approved
RET00370,ORD001074,CUST0225,2023-09-25,Furniture,Better price elsewhere,61885.21,Pending
RET00371,ORD003638,CUST0115,2023-05-26,Electronics,Wrong item delivered,23081.37,Approved
RET00372,ORD002014,CUST0422,2023-11-23,Clothing,Better price elsewhere,800.66,Approved
RET00373,ORD003074,CUST0337,2023-05-11,Toys,Late delivery,787.03,Approved
RET00374,ORD000830,CUST0057,2023-08-08,Electronics,Wrong item delivered,15835.09,Rejected
RET00375,ORD011498,CUST0093,2023-02-24,Clothing,Changed mind,4604.79,Approved
RET00376,ORD004335,CUST0473,2023-12-25,Books,Wrong item delivered,513.08,Pending
RET00377,ORD006595,CUST0439,2023-09-28,Groceries,Late delivery,2176.78,Pending
RET00378,ORD007341,CUST0473,2023-11-12,Sports,Late delivery,15799.36,Approved
RET00379,ORD002909,CUST0459,2023-12-15,Books,Size mismatch,838.73,Approved
RET00380,ORD002252,CUST0363,2024-01-20,Groceries,Late delivery,1921.45,Approved
RET00381,ORD004756,CUST0307,2023-07-02,Sports,Defective product,9545.8,Approved
RET00382,ORD005126,CUST0480,2023-02-26,Clothing,Late delivery,9748.73,Pending
RET00383,ORD006355,CUST0245,2023-06-14,Books,Product not as described,2734.44,Rejected
RET00384,ORD006233,CUST0438,2023-04-19,Electronics,Defective product,64133.85,Approved
RET00385,ORD011886,CUST0411,2023-04-20,Groceries,Size mismatch,3432.19,Approved
RET00386,ORD001482,CUST0019,2023-10-11,Books,Size mismatch,2049.9,Approved
RET00387,ORD011519,CUST0466,2023-04-11,Sports,Changed mind,9837.83,Rejected
RET00388,ORD010187,CUST0184,2023-02-17,Electronics,Late delivery,249201.25,Approved
RET00389,ORD007488,CUST0331,2023-12-09,Groceries,Size mismatch,2859.09,Approved
RET00390,ORD000575,CUST0175,2023-11-20,Toys,Changed mind,737.08,Approved
RET00391,ORD005439,CUST0291,2023-02-04,Sports,Better price elsewhere,1974.94,Pending
RET00392,ORD008994,CUST0455,2023-11-23,Electronics,Better price elsewhere,6379.27,Approved
RET00393,ORD010225,CUST0144,2023-02-13,Toys,Size mismatch,3793.99,Approved
RET00394,ORD010028,CUST0356,2023-04-21,Electronics,Product not as described,15242.44,Pending
RET00395,ORD010922,CUST0438,2023-10-19,Groceries,Late delivery,1496.23,Pending
RET00396,ORD004686,CUST0130,2023-09-07,Electronics,Defective product,34354.68,Rejected
RET00397,ORD004864,CUST0168,2023-05-15,Sports,Late delivery,6765.24,Approved
RET00398,ORD008980,CUST0190,2023-04-03,Clothing,Better price elsewhere,925.32,Approved
RET00399,ORD011660,CUST0343,2023-09-01,Toys,Damaged packaging,696.66,Rejected
RET00400,ORD003291,CUST0492,2023-08-23,Groceries,Product not as described,2265.45,Approved
RET00401,ORD009257,CUST0439,2023-01-26,Clothing,Size mismatch,3110.43,Pending
RET00402,ORD002393,CUST0455,2023-06-09,Groceries,Changed mind,1404.83,Rejected
RET00403,ORD006209,CUST0020,2023-06-18,Sports,Better price elsewhere,19502.82,Pending
RET00404,ORD006375,CUST0364,2023-11-26,Groceries,Late delivery,1220.69,Pending
RET00405,ORD006486,CUST0285,2023-03-04,Sports,Defective product,2594.22,Rejected
RET00406,ORD000292,CUST0325,2023-04-29,Sports,Product not as described,22604.06,Rejected
RET00407,ORD007910,CUST0002,2023-10-28,Furniture,Product not as described,83033.74,Pending
RET00408,ORD011262,CUST0016,2023-03-02,Toys,Damaged packaging,11109.32,Pending
RET00409,ORD005228,CUST0079,2023-06-05,Clothing,Size mismatch,9295.42,Pending
RET00410,ORD008083,CUST0223,2023-05-28,Electronics,Product not as described,43433.5,Approved
RET00411,ORD001317,CUST0385,2023-05-09,Clothing,Size mismatch,3637.47,Approved
RET00412,ORD002942,CUST0389,2023-12-20,Books,Product not as described,2545.43,Approved
RET00413,ORD007765,CUST0198,2023-08-05,Sports,Better price elsewhere,21206.9,Pending
RET00414,ORD011364,CUST0014,2023-09-21,Toys,Defective product,7133.39,Pending
RET00415,ORD007766,CUST0030,2023-12-01,Toys,Product not as described,2546.81,Approved
RET00416,ORD007336,CUST0275,2023-08-24,Groceries,Damaged packaging,3999.47,Rejected
RET00417,ORD008148,CUST0126,2023-11-13,Clothing,Size mismatch,2706.42,Pending
RET00418,ORD006834,CUST0255,2023-08-17,Clothing,Changed mind,7170.69,Rejected
RET00419,ORD011546,CUST0228,2023-06-17,Groceries,Size mismatch,1085.2,Approved
RET00420,ORD001079,CUST0292,2023-03-23,Clothing,Damaged packaging,9785.66,Pending
RET00421,ORD011011,CUST0065,2023-02-26,Groceries,Late delivery,1062.63,Approved
RET00422,ORD005077,CUST0035,2023-06-07,Groceries,Changed mind,1243.52,Rejected
RET00423,ORD002678,CUST0381,2023-05-04,Furniture,Defective product,11892.22,Pending
RET00424,ORD001192,CUST0051,2023-02-10,Electronics,Better price elsewhere,197586.13,Approved
RET00425,ORD011403,CUST0372,2023-08-15,Groceries,Wrong item delivered,222.49,Pending
RET00426,ORD005391,CUST0185,2023-08-13,Furniture,Late delivery,19456.62,Approved
RET00427,ORD005376,CUST0402,2023-12-16,Clothing,Defective product,3188.74,Pending
RET00428,ORD002376,CUST0077,2023-05-10,Groceries,Size mismatch,981.62,Pending
RET00429,ORD002797,CUST0003,2023-02-12,Books,Late delivery,1170.81,Approved
RET00430,ORD009341,CUST0141,2023-03-15,Clothing,Late delivery,4163.66,Rejected
RET00431,ORD008656,CUST0227,2024-01-25,Electronics,Damaged packaging,96059.86,Pending
RET00432,ORD007761,CUST0224,2023-07-11,Groceries,Changed mind,122.71,Approved
RET00433,ORD005970,CUST0157,2023-03-30,Clothing,Size mismatch,618.71,Approved
RET00434,ORD000101,CUST0085,2023-02-26,Electronics,Changed mind,119230.32,Rejected
RET00435,ORD008893,CUST0129,2023-09-06,Clothing,Damaged packaging,6635.38,Pending
RET00436,ORD001128,CUST0125,2023-03-10,Electronics,Wrong item delivered,24295.22,Rejected
RET00437,ORD004693,CUST0386,2023-06-14,Groceries,Product not as described,1691.75,Rejected
RET00438,ORD010851,CUST0204,2024-01-21,Sports,Product not as described,14486.33,Approved
RET00439,ORD004530,CUST0484,2023-05-03,Books,Size mismatch,568.92,Pending
RET00440,ORD009974,CUST0279,2023-04-30,Groceries,Wrong item delivered,6393.14,Approved
RET00441,ORD005064,CUST0309,2023-08-12,Clothing,Defective product,12721.37,Rejected
RET00442,ORD011979,CUST0236,2023-02-16,Toys,Defective product,4454.0,Approved
RET00443,ORD010501,CUST0184,2023-05-31,Clothing,Changed mind,1234.87,Pending
RET00444,ORD001314,CUST0128,2023-02-18,Groceries,Better price elsewhere,2023.88,Pending
RET00445,ORD003262,CUST0300,2023-07-09,Furniture,Wrong item delivered,35813.07,Pending
RET00446,ORD008257,CUST0381,2023-03-25,Furniture,Better price elsewhere,65956.82,Rejected
RET00447,ORD009688,CUST0348,2023-09-12,Toys,Changed mind,6035.29,Approved
RET00448,ORD002455,CUST0064,2023-06-16,Books,Wrong item delivered,3566.72,Rejected
RET00449,ORD007135,CUST0388,2023-10-28,Groceries,Size mismatch,2086.46,Rejected
RET00450,ORD005947,CUST0258,2023-07-02,Electronics,Damaged packaging,84026.15,Rejected
RET00451,ORD006039,CUST0076,2023-02-15,Groceries,Product not as described,187.9,Rejected
RET00452,ORD006222,CUST0125,2023-09-29,Furniture,Defective product,13938.69,Pending
RET00453,ORD008500,CUST0123,2023-05-27,Groceries,Better price elsewhere,1804.99,Rejected
RET00454,ORD005709,CUST0134,2023-01-24,Groceries,Changed mind,331.69,Rejected
RET00455,ORD002786,CUST0101,2023-06-28,Toys,Late delivery,4935.49,Approved
RET00456,ORD002345,CUST0356,2023-09-15,Clothing,Better price elsewhere,964.6,Approved
RET00457,ORD001084,CUST0332,2023-02-06,Groceries,Defective product,635.24,Approved
RET00458,ORD003579,CUST0190,2023-07-31,Electronics,Late delivery,103127.05,Pending
RET00459,ORD008960,CUST0465,2023-06-18,Groceries,Size mismatch,877.22,Approved
RET00460,ORD004397,CUST0210,2023-08-23,Groceries,Changed mind,292.38,Pending
RET00461,ORD005579,CUST0020,2023-08-03,Sports,Wrong item delivered,4183.81,Approved
RET00462,ORD006083,CUST0073,2023-05-13,Toys,Defective product,7190.75,Rejected
RET00463,ORD010020,CUST0294,2023-12-15,Electronics,Late delivery,53374.97,Pending
RET00464,ORD009935,CUST0146,2023-08-16,Clothing,Product not as described,7502.71,Approved
RET00465,ORD008752,CUST0145,2023-12-25,Groceries,Defective product,947.24,Approved
RET00466,ORD002435,CUST0484,2023-07-26,Books,Product not as described,479.64,Approved
RET00467,ORD010462,CUST0322,2023-10-10,Toys,Better price elsewhere,750.56,Rejected
RET00468,ORD006558,CUST0149,2023-06-20,Electronics,Damaged packaging,234836.64,Pending
RET00469,ORD007174,CUST0482,2023-07-15,Clothing,Wrong item delivered,7310.01,Approved
RET00470,ORD003629,CUST0470,2024-01-04,Clothing,Wrong item delivered,11762.73,Approved
RET00471,ORD003079,CUST0097,2023-02-04,Groceries,Wrong item delivered,3063.44,Pending
RET00472,ORD011052,CUST0282,2023-02-19,Toys,Better price elsewhere,10270.72,Approved
RET00473,ORD011045,CUST0405,2023-09-02,Books,Defective product,2483.22,Pending
RET00474,ORD008130,CUST0418,2023-06-04,Groceries,Damaged packaging,551.53,Approved
RET00475,ORD000282,CUST0235,2023-02-08,Books,Late delivery,608.81,Approved
RET00476,ORD010604,CUST0221,2023-04-24,Clothing,Defective product,9506.01,Rejected
RET00477,ORD001333,CUST0482,2023-07-01,Sports,Better price elsewhere,10698.25,Approved
RET00478,ORD007936,CUST0280,2024-01-05,Sports,Damaged packaging,25173.95,Approved
RET00479,ORD003668,CUST0454,2023-10-27,Electronics,Defective product,84138.16,Approved
RET00480,ORD011343,CUST0331,2023-03-31,Groceries,Damaged packaging,596.67,Rejected
